GeoId,Population,pre_cal_prob
01001,55380,0.7148918213386981
01003,212830,0.7193000468747361
01005,25361,0.7178471631539969
01007,22493,0.7363063122095396
01009,57681,0.7330297468731366
01011,10248,0.7453358358119921
01013,19828,0.7219058250817355
01015,114618,0.7088231589191143
01017,33660,0.7178779405821523
01019,25903,0.7079707064630483
01021,44055,0.7043715595844188
01023,12925,0.7246711982675036
01025,24128,0.7315072835809144
01027,13337,0.6746102368988097
01029,14916,0.6382666179420007
01031,51662,0.7037820320888022
01033,54771,0.6821722673819057
01035,12394,0.7308196797922079
01037,10757,0.6989255854690757
01039,37200,0.6564647709638505
01041,13844,0.668529131918437
01043,82853,0.6677411967684611
01045,49277,0.6746919374586108
01047,39149,0.7705534027624907
01049,71310,0.6881508639866235
01051,81144,0.7024771115691358
01053,37057,0.6998979116621261
01055,102748,0.6841849204343092
01057,16494,0.6502162104610357
01059,31466,0.6831346909656935
01061,26417,0.6545461212059718
01063,8324,0.7906513648172391
01065,14809,0.7541009799481357
01067,17133,0.682473098954212
01069,104702,0.7176685472438398
01071,51852,0.7179711578006407
01073,659680,0.7408433946382407
01075,13885,0.7041739961892509
01077,92556,0.6887467618413244
01079,33058,0.6982752537110654
01081,161152,0.7227192024717031
01083,94727,0.7122760464363196
01085,10079,0.7734560034024793
01087,18708,0.7835573959277271
01089,362276,0.7319399330726225
01091,19321,0.7436747005571743
01093,29866,0.6999713416039925
01095,95643,0.7063313231131636
01097,414114,0.7327503562034772
01099,21270,0.7537315752678271
01101,226941,0.7519371145748333
01103,119213,0.6957877644668008
01105,9293,0.7633135356234084
01107,20243,0.7097789086326995
01109,33333,0.7261993559204828
01111,22647,0.6714797805759392
01113,57952,0.7376363331585382
01115,87989,0.7328219376100106
01117,213432,0.705612371403546
01119,12797,0.764443984554628
01121,80387,0.7086137805279819
01123,40541,0.7201551136518844
01125,207305,0.7146551410785795
01127,64110,0.6660391664547871
01129,16541,0.7053330148575472
01131,10681,0.7629217246615007
01133,23784,0.6673180945079077
02013,3385,0.7688184737886141
02016,5698,0.7583760829233358
02020,293531,0.712496701748067
02050,18134,0.766355833653993
02060,875,0.7187491802032812
02068,2246,0.6884549957055236
02070,4961,0.7290553868111068
02090,99072,0.6996548729180402
02100,2518,0.6683113912922449
02105,2139,0.7770186214388571
02110,32227,0.7040656822497604
02122,58464,0.6866267802098942
02130,13800,0.7241107079751161
02150,13451,0.697714547031375
02158,8250,0.770803069531071
02164,1393,0.7481586525231028
02170,105369,0.6563773956130641
02180,9988,0.7195741564846805
02185,9792,0.7561246333421493
02188,7715,0.7758587553634497
02195,3257,0.6910760205246176
02198,6407,0.7297363661100272
02220,8640,0.7028225878535566
02230,1107,0.6742588689439667
02240,6878,0.6736683690177744
02261,9243,0.7526971304101995
02275,2502,0.7175917027767136
02282,649,0.7687677040606854
02290,5377,0.7620912955492158
04001,71511,0.7745658491127279
04003,125867,0.7082372209569802
04005,141274,0.7149038205541682
04007,53546,0.7214604025045871
04009,37996,0.661690336773477
04011,9522,0.6853118276404073
04012,20793,0.7630927767756437
04013,4328810,0.7031534917865767
04015,207695,0.7421269805221893
04017,109270,0.7528231967691943
04019,1027207,0.7097097779571153
04021,432793,0.7199541815017829
04023,46480,0.7366316958430449
04025,228067,0.7588696313903484
04027,209468,0.7212826930622234
05001,17914,0.6940808825745545
05003,20270,0.6760537843709234
05005,41427,0.670990629773309
05007,265759,0.6957522060240469
05009,37331,0.6215124336966381
05011,10874,0.7037401252520565
05013,5192,0.6563063925282978
05015,27965,0.7429983207589396
05017,10615,0.7408286951132711
05019,22386,0.6789083740285408
05021,14889,0.6452383669803171
05023,25100,0.6944004253791206
05025,8128,0.6592127157021348
05027,23776,0.7296979556101031
05029,20858,0.6516197931785247
05031,107345,0.6915151452737729
05033,62739,0.6956737364911437
05035,48672,0.7279031873173052
05037,16824,0.66624893029515
05039,7279,0.7322574568100917
05041,11709,0.7227229131450261
05043,18417,0.6715039229691484
05045,123624,0.65938488301411
05047,17738,0.7332490102659492
05049,12231,0.7771019698535294
05051,98555,0.7327645560303757
05053,18126,0.6844835303351156
05055,44937,0.6847225861531727
05057,21842,0.7276695117756203
05059,33597,0.6951807105325207
05061,13311,0.6804029418980378
05063,37427,0.6857405726803141
05065,13570,0.6505971680152474
05067,17027,0.6797474482013284
05069,69282,0.7395696029287453
05071,26372,0.6334908069121268
05073,6800,0.7372790273979171
05075,16549,0.6254011717553594
05077,9194,0.7143315054525003
05079,13455,0.664498066331414
05081,12347,0.7416494512230296
05083,21668,0.6355059516409113
05085,72528,0.657782155586773
05087,16211,0.6595823513556709
05089,16476,0.6903539906598423
05091,43572,0.7223526253216571
05093,42126,0.7229123850479382
05095,7050,0.7254340861289547
05097,8950,0.6579960628035177
05099,8351,0.6773498349608371
05101,7812,0.6436610853824217
05103,23830,0.7508549826633883
05105,10355,0.645182737715033
05107,18606,0.7685418537317943
05109,10756,0.644119160437229
05111,23896,0.6688297287764997
05113,20094,0.6806618590566018
05115,63761,0.7036712944901375
05117,8189,0.6573141489943318
05119,392967,0.7293064427964427
05121,17695,0.6828441218289681
05123,25900,0.7287580987030016
05125,119415,0.7071552082929998
05127,10376,0.6402611009002649
05129,7908,0.6402185812262615
05131,127591,0.693739638742257
05133,17081,0.6785406234913982
05135,17139,0.728657951172758
05137,12475,0.7199422629934082
05139,39449,0.7265963209905504
05141,16642,0.6746564546056625
05143,232289,0.7176527930445831
05145,78762,0.7017255432533407
05147,6533,0.6984928507085261
05149,21464,0.6529967743496926
06001,1656754,0.7761910287563605
06003,1039,0.751612081962475
06005,38429,0.7104894834242793
06007,225817,0.676857787620597
06009,45514,0.7518530850316023
06011,21454,0.7154015824120165
06013,1142251,0.7561152234269887
06015,27495,0.7013990611387638
06017,188563,0.7195635394711516
06019,984521,0.7237257681126557
06021,27976,0.7251303722499209
06023,135940,0.687838525117626
06025,180701,0.735357473772679
06027,17977,0.718786756279568
06029,887641,0.7184770599343886
06031,150691,0.7046995421405262
06033,64195,0.7327076622501884
06035,30818,0.6565183188448065
06037,10081570,0.7493576013006217
06039,155433,0.7332999102549207
06041,259943,0.7307612342664223
06043,17420,0.6979327934701431
06045,87224,0.7085882937808237
06047,271382,0.7266646407534594
06049,8907,0.6791544097735918
06051,14310,0.7222262460961445
06053,433410,0.7408877498744157
06055,139623,0.7183567161978532
06057,99244,0.7199489494245869
06059,3168044,0.7397598602449806
06061,385512,0.7092539582941486
06063,18660,0.6895862984108825
06065,2411439,0.734967413988364
06067,1524553,0.7282388620178104
06069,60376,0.7355704823192023
06071,2149031,0.7339683442833799
06073,3316073,0.7250769849183667
06075,874961,0.7624590172281588
06077,742603,0.7375066666497494
06079,282165,0.7234487862412806
06081,767423,0.766369054707887
06083,444829,0.7198075998155591
06085,1927470,0.7721330080140121
06087,273962,0.7258098587879032
06089,179212,0.6761525165061912
06091,3040,0.6692407260009882
06093,43468,0.7131730051119461
06095,441829,0.7472909930844752
06097,499772,0.7267610912439536
06099,543194,0.7182630023744523
06101,96109,0.7101850636819038
06103,63912,0.7134995544720807
06105,12700,0.7155007103369943
06107,461898,0.7206323584540179
06109,54045,0.743985199707479
06111,847263,0.7191394487801535
06113,217352,0.7044399081014108
06115,76360,0.710360993205398
08001,504108,0.69461252319111
08003,16107,0.6952821579990381
08005,644560,0.7060804854105649
08007,13253,0.7242398965146164
08009,3561,0.6453860330742545
08011,5787,0.7360291845161147
08013,322510,0.6824218830319533
08014,67886,0.6979013594040304
08015,19557,0.6861498078760856
08017,2026,0.6716481648292086
08019,9495,0.733341393726775
08021,8128,0.6837974279850857
08023,3745,0.7265227211277385
08025,5754,0.7268407429258376
08027,4776,0.8065654757086079
08029,30565,0.6970159462385636
08031,705576,0.7107745908230618
08033,1857,0.6697996915563236
08035,336041,0.6951865277683489
08037,54681,0.6872134218880234
08039,25717,0.6929300395688707
08041,698974,0.6956400122145874
08043,47321,0.6620581566726992
08045,59055,0.6804085883163549
08047,6018,0.7758382124210932
08049,15303,0.747123249016383
08051,16802,0.7095656789396266
08053,857,0.694916922991224
08055,6679,0.743015504555392
08057,1261,0.6563114254330719
08059,574798,0.6879772705124423
08061,1489,0.638246443956622
08063,7447,0.7021096431852942
08065,7751,0.7352112670249698
08067,55617,0.6823344316086237
08069,344786,0.674359151505382
08071,14266,0.6782949323211861
08073,5585,0.6313684276249864
08075,22380,0.670064208080678
08077,151218,0.6782936324932028
08079,824,0.6825284928119302
08081,13127,0.6463362559344616
08083,26031,0.6934070188945115
08085,41686,0.7003431389379577
08087,28517,0.6682672861124673
08089,18282,0.6738128485022704
08091,4796,0.7910677150214511
08093,17867,0.7203585888255137
08095,4290,0.646799156564237
08097,17926,0.7259509353121996
08099,12022,0.6595099474278394
08101,165982,0.679925805687307
08103,6384,0.6423327455702672
08105,11305,0.7115554559372912
08107,25072,0.6686356062987998
08109,6592,0.6802243208411858
08111,589,0.6707459361421553
08113,8049,0.6350772796953051
08115,2322,0.7047691510507565
08117,30649,0.7472600014923652
08119,24524,0.7713246574110372
08121,4868,0.6452423711574949
08123,305345,0.6668066030697427
08125,10003,0.6468113368004544
09001,943926,0.7588591781604228
09003,893561,0.7601985010071948
09005,182002,0.7745422191795803
09007,163053,0.7711265917748137
09009,857513,0.7611565646139811
09011,267390,0.7619938204259038
09013,151063,0.7558547712074883
09015,116566,0.7608131256151154
10001,176699,0.716667009517379
10003,556165,0.7272387190493211
10005,224384,0.7414481249406828
11001,692683,0.7695447548237763
12001,265443,0.6980956840379826
12003,28211,0.6501394633683807
12005,182161,0.6919644277047776
12007,27317,0.7148005421265919
12009,585507,0.7269611383198987
12011,1926205,0.7452444919293573
12013,14362,0.689297725541325
12015,181067,0.749151504363176
12017,145169,0.7529691671838333
12019,211405,0.7273860470471143
12021,371453,0.7578581994779314
12023,69968,0.6733139412991467
12027,36903,0.6622270778213599
12029,16589,0.7397398960932386
12031,936186,0.7245035147604534
12033,313491,0.6960837899333729
12035,109801,0.7223586219189012
12037,11811,0.6845219468856443
12039,45945,0.7538732685883833
12041,17953,0.6407814292003973
12043,13516,0.7348769859085685
12045,15576,0.7307792153784783
12047,14326,0.7384475330828268
12049,27131,0.708274275915627
12051,40732,0.7154888205388481
12053,186313,0.6882610884803986
12055,103437,0.7438435875578331
12057,1422278,0.7172196843665846
12059,19432,0.7052999422556647
12061,153989,0.7552784318783862
12063,47945,0.6912080859924945
12065,14161,0.7581984807942941
12067,8637,0.705496234847461
12069,345867,0.7357975770740739
12071,737468,0.7400188892212269
12073,289770,0.7084101579641042
12075,40403,0.7289795861047
12077,8345,0.7107078048711876
12079,18460,0.6975315464719194
12081,384213,0.7209751781541515
12083,353526,0.7387624106299918
12085,159065,0.7231986826004071
12086,2699428,0.750944208188247
12087,75798,0.7117083517917596
12089,83098,0.7557429595511587
12091,203794,0.6936666571905254
12093,41144,0.6630301986140904
12095,1349746,0.7286555032935627
12097,351955,0.7340571681309437
12099,1465027,0.7421583134936229
12101,524602,0.6905433968944825
12103,964666,0.7201423876716687
12105,686218,0.7097176528008207
12107,73252,0.6800905771804501
12109,244674,0.7313747442076546
12111,312947,0.7453024401096726
12113,174755,0.701890144688064
12115,419496,0.7407831759554291
12117,461402,0.7107086740867348
12119,125044,0.7932793496878612
12121,44046,0.7378125961877691
12123,21870,0.7353466859548012
12125,15303,0.6974084807590957
12127,536487,0.7106724557732844
12129,32321,0.751128258466544
12131,68262,0.7410393474721668
12133,24764,0.6425040428840436
13001,18440,0.7155583518882774
13003,8239,0.6637811619741123
13005,11201,0.6628501444971518
13007,3132,0.7243329369645001
13009,45111,0.7447669318198075
13011,18708,0.6589972425915225
13013,78991,0.6591084134113478
13015,104919,0.7378071541552182
13017,17033,0.7102677602310208
13019,19152,0.6432944149587975
13021,153200,0.748634808917771
13023,12807,0.7011249798208263
13025,18756,0.714678341915056
13027,15590,0.7346488133229744
13029,37063,0.7046800801157456
13031,76120,0.7248586352978168
13033,22520,0.7261392350989175
13035,24090,0.7143397606513177
13037,6365,0.7222106024153169
13039,53231,0.7089650167926802
13043,10812,0.6793354648360528
13045,117183,0.7286896002040422
13047,66700,0.6927260786819178
13049,13040,0.7297958089021119
13051,288496,0.7314799223195639
13053,10560,0.6042167695909241
13055,24812,0.7121522614169643
13057,247515,0.7429433534991813
13059,126176,0.683637177099864
13061,2951,0.7499032356680069
13063,283538,0.7566136651596002
13065,6686,0.6889093101049664
13067,751218,0.7401842871398074
13069,43021,0.7004701360883304
13071,45486,0.7296832911172197
13073,150705,0.7084556539278288
13075,17177,0.6999051229951457
13077,143260,0.7081570316814488
13079,12325,0.6717029956521842
13081,22713,0.7194415762052492
13083,16197,0.6624897800811513
13085,24536,0.7663108143026557
13087,26682,0.721243479059886
13089,749323,0.7541073277922342
13091,20829,0.7033173793707355
13093,13736,0.7322183775156254
13095,89703,0.761337415854481
13097,143316,0.7367313226748653
13099,10312,0.7387616025468008
13101,3981,0.6701695383689187
13103,60477,0.7146476523810786
13105,19166,0.7078888388947947
13107,22533,0.7308889701837011
13109,10687,0.6991840914387729
13111,25395,0.657614687742589
13113,112303,0.7381883794252042
13115,97369,0.6985837436087697
13117,228383,0.7129899773485536
13119,22766,0.7212662009077914
13121,1036200,0.7480586296569423
13123,30414,0.7212604370011689
13125,2996,0.6505693937784108
13127,84470,0.7561889775714072
13129,57202,0.7234731647490683
13131,24828,0.72792943763835
13133,17349,0.7451996906566378
13135,915046,0.7412211036450106
13137,44626,0.7033813029540698
13139,198667,0.7100306936918884
13141,8515,0.7671415466471043
13143,29227,0.7193860262423016
13145,34105,0.7304432999959767
13147,25773,0.7321246949645837
13149,11736,0.648702274016255
13151,225356,0.7470487919842936
13153,153507,0.7376869071205622
13155,9320,0.7174850940541295
13157,67885,0.7086125075618812
13159,13916,0.7220637919628368
13161,15036,0.7443258998205875
13163,15618,0.7226558906415346
13165,8793,0.6952847899980888
13167,9691,0.6925077030303302
13169,28579,0.7385014432242941
13171,18672,0.7114888625560987
13173,10380,0.7293976989815696
13175,47405,0.7070118770535331
13177,29502,0.7285785973651256
13179,61349,0.7042874213494468
13181,7856,0.6977262228486949
13183,18692,0.735669396827805
13185,115364,0.6985843023060456
13187,32402,0.7576684086776057
13189,21455,0.719538599729441
13191,14174,0.7593036280345752
13193,13305,0.7353763920466568
13195,29218,0.6778985748115373
13197,8432,0.7148266290246297
13199,21106,0.7537108386360415
13201,5787,0.7022938776142401
13205,22244,0.7367940773411552
13207,27171,0.6831535670451447
13209,9058,0.6766613543955196
13211,18507,0.7271832388108507
13213,39724,0.6711542489106123
13215,195739,0.7330565900652876
13217,108079,0.7426463199584735
13219,38132,0.7281307794018571
13221,14931,0.740240965672003
13223,159825,0.7277960986760765
13225,27145,0.750273144898853
13227,31387,0.7102760846514634
13229,19250,0.729853599291827
13231,18327,0.6938252156922516
13233,41908,0.6742007014622478
13235,11216,0.7407351780737172
13237,21691,0.7570779569396869
13239,2289,0.7433168991056096
13241,16645,0.7196036876757299
13243,6973,0.7735005425226608
13245,201852,0.7412332424535811
13247,89717,0.7598337068608214
13249,5221,0.6387302999305977
13251,13989,0.734042097572879
13253,8321,0.7075735261378249
13255,65306,0.7324652397352367
13257,25750,0.7442767517853022
13259,6293,0.7166036400776726
13261,30064,0.7282008692242796
13263,6321,0.7619045758119217
13265,1611,0.731039605387591
13267,25382,0.6845715157844473
13269,8116,0.7371819987931553
13271,16035,0.7243917445334613
13273,8737,0.7458126512367325
13275,44630,0.7247828295061494
13277,40541,0.7203165643490886
13279,26972,0.7251663034620257
13281,11617,0.7040965231785206
13283,6795,0.6920352610204978
13285,69919,0.7269924605173009
13287,7943,0.7150613199373085
13289,8229,0.7595022715631846
13291,23288,0.7340413011577016
13293,26236,0.7057770380482556
13295,69039,0.6969368724847461
13297,91442,0.7035075813111824
13299,35593,0.6889886243019832
13301,5297,0.7556286900348973
13303,20436,0.7281886530563201
13305,29788,0.6918202702162565
13307,2610,0.7333128035646226
13309,7928,0.6442757135333561
13311,29489,0.7585443223680345
13313,104237,0.6851231584757868
13315,8824,0.6510789995407623
13317,9844,0.7296838713651741
13319,9010,0.7035225586974475
13321,20494,0.7105112818165351
15001,199459,0.7730449007466937
15003,984821,0.7707484299532975
15005,66,0.8460883770954691
15007,71769,0.7677786212633378
15009,165979,0.7635494052999512
16001,456849,0.7285865682409493
16003,4097,0.6703181299727865
16005,85765,0.644487449325951
16007,6000,0.6306426754320527
16009,9138,0.6565126704328939
16011,45839,0.6782375526290308
16013,22373,0.7626522064184187
16015,7378,0.7911097511251017
16017,43611,0.7468028689129811
16019,114392,0.6558134830475707
16021,11845,0.6429692676726219
16023,2581,0.6289883902067136
16025,1048,0.6685683651525847
16027,217633,0.7160168023919348
16029,6953,0.6188434562921588
16031,23690,0.6438666991115826
16033,913,0.636689487370711
16035,8673,0.733684524152906
16037,4169,0.6547646010698477
16039,26743,0.7030590391935216
16041,13464,0.6072632138531916
16043,13020,0.7034756313737177
16045,17331,0.6914777340070973
16047,15148,0.7539637742364349
16049,16411,0.6953111415453497
16051,28534,0.7067485044127354
16053,23730,0.6879871567884833
16055,157322,0.7095230423428796
16057,39505,0.6594881625749371
16059,7847,0.6550325660962952
16061,3838,0.6804577750121444
16063,5350,0.6399777470812773
16065,39100,0.6837722326801755
16067,20705,0.6595066509887872
16069,40217,0.6519682710656108
16071,4385,0.625998803503492
16073,11552,0.6505996253448777
16075,23260,0.6790909258730665
16077,7671,0.672019337712254
16079,12609,0.644405131507807
16081,11426,0.7422009108356552
16083,84869,0.6893559598913598
16085,10709,0.7440730489393452
16087,10057,0.6602928041539462
17001,66085,0.6530182207178595
17003,6260,0.7020283283978409
17005,16589,0.6331020604433897
17007,53537,0.715297800822013
17009,6628,0.6349311143453379
17011,33122,0.6509134604640905
17013,4830,0.6473757738280337
17015,14466,0.6484952516579696
17017,12493,0.6624373430183764
17019,209922,0.6819762046485259
17021,32931,0.6348696031212987
17023,15716,0.63596676948078
17025,13287,0.6282212606742682
17027,37634,0.6798078332972362
17029,51353,0.6443257862053207
17031,5198275,0.7365500638829832
17033,18972,0.6339234679282114
17035,10836,0.6268761258367804
17037,104366,0.6594165030152904
17039,15932,0.6357180202280326
17041,19623,0.6314799815999032
17043,929060,0.7090724414558442
17045,17407,0.6381896451410972
17047,6455,0.6335968762333114
17049,34137,0.6237848850119855
17051,21565,0.6299520289688939
17053,13270,0.6481655008327605
17055,38923,0.6255006480947212
17057,35092,0.6271544457020459
17059,5064,0.6393786238323323
17061,13132,0.6330306873757241
17063,50666,0.6516134191477551
17065,8176,0.6349188742957496
17067,17983,0.6423107751208568
17069,3939,0.6322800244265797
17071,6809,0.6584634727397477
17073,49267,0.6682776368010007
17075,27812,0.6552905834474609
17077,57977,0.6810136339802997
17079,9594,0.6394881127197475
17081,37985,0.649764156994347
17083,21937,0.643494229956601
17085,21588,0.6877176960592455
17087,12494,0.6627962535882878
17089,531376,0.7177797967956536
17091,110637,0.6794201317991889
17093,126054,0.7262325876607176
17095,50508,0.6540632829295464
17097,701473,0.7108834631648422
17099,109737,0.6556727485586991
17101,16033,0.6427919849963002
17103,34389,0.64864588369058
17105,36040,0.6464733151884556
17107,29003,0.6445562730960884
17109,30479,0.6580239131715436
17111,307714,0.6954945420903874
17113,172578,0.6807280038705769
17115,105528,0.6879441613535205
17117,45463,0.6448225909924991
17119,264776,0.6761679491098915
17121,37743,0.6357542973731816
17123,11679,0.6500862739658335
17125,13621,0.6402367889350111
17127,14219,0.6551481196169534
17129,12306,0.6591964994050435
17131,15589,0.6406875926464422
17133,34168,0.6789970502614513
17135,28828,0.6320090719344127
17137,34247,0.6473734526058439
17139,14641,0.6324837355600967
17141,51025,0.6783195293813156
17143,182770,0.6890431512367605
17145,21251,0.6345243843628969
17147,16401,0.6423611835368683
17149,15672,0.6286079600447713
17151,4203,0.6673661614066323
17153,5510,0.6901750504106009
17155,5721,0.6596994548630133
17157,32295,0.6554807230514655
17159,15766,0.6213936026750236
17161,143873,0.6883031617552048
17163,262338,0.7181458892234195
17165,23994,0.6330588770786114
17167,196861,0.6843978028588377
17169,6953,0.6455484240949967
17171,5005,0.6878647382095473
17173,21737,0.6351614159691215
17175,5447,0.6412932176872052
17177,45093,0.6768823657754088
17179,133195,0.6404268646048125
17181,16968,0.6438395005671771
17183,77563,0.661174830153555
17185,11546,0.6392669063269474
17187,17146,0.6442948714741042
17189,14058,0.6384096808129454
17191,16402,0.6294438123650201
17193,13868,0.6324443882496988
17195,56016,0.6626329166837424
17197,689315,0.7044477462329195
17199,67102,0.6637729839844079
17201,284819,0.6889959147466602
17203,38700,0.6510354411379468
18001,35376,0.599816168162687
18003,372575,0.6629158686358081
18005,82481,0.670262601232794
18007,8677,0.6298770696739503
18009,12013,0.6393770483667367
18011,65544,0.6694819143650176
18013,15064,0.7021466222851779
18015,20074,0.6333216596616661
18017,37880,0.6406947650949316
18019,116507,0.6566529292062618
18021,26234,0.6346335380160476
18023,32273,0.6407917364210579
18025,10569,0.6308039965715154
18027,33120,0.6678732161801656
18029,49479,0.6810793435327802
18031,26562,0.6281676700124936
18033,42927,0.6193795691473833
18035,115020,0.6546513733986146
18037,42543,0.6862356260907215
18039,204558,0.6819446450112499
18041,23194,0.6300162806106187
18043,77320,0.6547764252221943
18045,16430,0.6278189551574131
18047,22774,0.6326749139524805
18049,20096,0.6352851082408172
18051,33656,0.6689402901695185
18053,66452,0.6402277427840881
18055,32159,0.6336634998629578
18057,323117,0.7148003341405422
18059,75164,0.7180664584997518
18061,39940,0.712008480750088
18063,163799,0.7074866106814789
18065,48255,0.6244052320466053
18067,82331,0.6615412592199543
18069,36359,0.6220185065723072
18071,44025,0.6745333192074864
18073,33447,0.6430898342069725
18075,20840,0.6119006854631568
18077,32201,0.6280396361780106
18079,27710,0.6207898991686074
18081,153716,0.6863276046694664
18083,37065,0.6395447397043114
18085,79035,0.6525386359112635
18087,39193,0.6314065300723359
18089,485707,0.7279559132936115
18091,110154,0.6758781439337628
18093,45548,0.6962226683919756
18095,129455,0.6539072352032022
18097,951869,0.7142926915917553
18099,46461,0.6346385538429237
18101,10212,0.6326904573591748
18103,35815,0.6257717470651916
18105,146461,0.6359140731874839
18107,38287,0.6351969940095602
18109,69922,0.6924544210057163
18111,13992,0.6421431600792809
18113,47506,0.6299835462980872
18115,5874,0.6482500407435013
18117,19545,0.627844278932497
18119,20835,0.6627017977213153
18121,16946,0.6725337045462636
18123,19102,0.6271494405193939
18125,12378,0.6368561996947026
18127,168636,0.7036299066843358
18129,25560,0.6512367822209134
18131,12559,0.6284873095633599
18133,37384,0.67287599774423
18135,24926,0.6304514311205023
18137,28391,0.656742330027083
18139,16641,0.625724887459717
18141,270216,0.6915295507146267
18143,23759,0.6253365468485589
18145,44438,0.6360913916704413
18147,20447,0.6865974320545554
18149,22952,0.6261103817910887
18151,34453,0.6277068062490054
18153,20730,0.7244026744166905
18155,10685,0.6199214987168085
18157,191553,0.6660557881863057
18159,15162,0.7025354721997131
18161,7113,0.6350381942520842
18163,181291,0.6942336259331139
18165,15539,0.6288575245122169
18167,107459,0.6594864472912983
18169,31389,0.6358323879531924
18171,8237,0.7043343320336175
18173,62280,0.7104450667409767
18175,27848,0.6511316833483132
18177,66342,0.648223730397773
18179,28011,0.6300131180983508
18181,24149,0.6634538637448071
18183,33730,0.6619654475985579
19001,7085,0.644019976672018
19003,3670,0.6399600601711659
19005,13813,0.6618794078561111
19007,12452,0.6588904157016606
19009,5571,0.6630593800377572
19011,25636,0.6591630791317136
19013,132393,0.6568567322564897
19015,26370,0.660683669259017
19017,24864,0.6368999246449788
19019,21118,0.6228370358653572
19021,20058,0.6731805364823569
19023,14628,0.637128151871543
19025,9744,0.6370351298107427
19027,20281,0.6771793187348176
19029,13091,0.6758588905787533
19031,18457,0.6417088104497557
19033,42834,0.6691673937881285
19035,11343,0.7082011995713112
19037,12026,0.6716794991973332
19039,9360,0.6522584342082589
19041,16211,0.6999737506196521
19043,17625,0.6430254964171234
19045,46909,0.6475258411161661
19047,17034,0.7040798404344404
19049,87099,0.6821107903000511
19051,8920,0.6211150358894569
19053,7979,0.6123686453909134
19055,17183,0.6355849222507002
19057,39386,0.6466260827124185
19059,17127,0.6901055406756026
19061,96982,0.6473730366451914
19063,9438,0.6370608457708473
19065,19803,0.6314769479294976
19067,15786,0.6443698722729191
19069,10162,0.6486867993229384
19071,6946,0.6501284480191062
19073,8950,0.6612069547025675
19075,12299,0.680603843918782
19077,10669,0.6702783867329271
19079,14997,0.660468796863738
19081,10802,0.6628883940758775
19083,17061,0.637685176132966
19085,14089,0.6400973487213987
19087,19941,0.630343574572969
19089,9226,0.6541647835953424
19091,9554,0.6456104308494685
19093,6901,0.6348454273997071
19095,16189,0.6360610739549364
19097,19401,0.640385265505669
19099,36971,0.6347808243443338
19101,18148,0.6798520146815777
19103,148577,0.6933899433291418
19105,20559,0.6959047427952422
19107,10188,0.6260761806793363
19109,14978,0.6489236569204387
19111,34227,0.6363287486226625
19113,223861,0.6806573245762539
19115,11178,0.6539935743527119
19117,8583,0.6411165874142043
19119,11776,0.6214533578396028
19121,16012,0.6811116171887039
19123,22164,0.6246830035196853
19125,33172,0.6844914229686759
19127,39964,0.6793150512751577
19129,15034,0.6437371995813401
19131,10608,0.6392534219079166
19133,8730,0.6501139745015718
19135,7807,0.6388820091846783
19137,10053,0.6478419426597549
19139,42889,0.6488779707930307
19141,13835,0.6500296756275763
19143,6052,0.6490654972641109
19145,15268,0.6270923402794277
19147,9003,0.643871149823367
19149,25068,0.646693227020436
19151,6797,0.6644585659366169
19153,479612,0.6825247821386587
19155,93393,0.6445845425540934
19157,18388,0.6403233333450427
19159,4964,0.6489938368877786
19161,9802,0.6439752190089771
19163,172446,0.6666825274365054
19165,11606,0.6559894578132672
19167,34827,0.6736940627351872
19169,96941,0.659152594118132
19171,17032,0.6559247669955703
19173,6167,0.6368388944609474
19175,12358,0.6236639145570152
19177,7150,0.6315413963672848
19179,35141,0.6421648869041711
19181,50076,0.6788197789478877
19183,22100,0.6732605567058035
19185,6429,0.6299705765645822
19187,36545,0.6606226144556564
19189,10534,0.6388814134684321
19191,20262,0.6319491038378374
19193,102586,0.678902440416295
19195,7445,0.6457150718317564
19197,12739,0.6616100721350715
20001,12556,0.6250664915386599
20003,7835,0.6344882685050844
20005,16268,0.6707382174702397
20007,4624,0.6515641059270186
20009,26453,0.6849692972812442
20011,14608,0.6354926937470868
20013,9626,0.6580360251054049
20015,66698,0.6970435438616192
20017,2637,0.6585700568809784
20019,3323,0.6868196599714842
20021,20179,0.6385025204163192
20023,2665,0.683275863143683
20025,2026,0.6519688394578826
20027,8082,0.6446526315474522
20029,8938,0.6420559526082338
20031,8254,0.6388583345037362
20033,1740,0.6857822202146564
20035,35351,0.6483307739618455
20037,38968,0.6381555892786792
20039,2860,0.7827570641193784
20041,18828,0.649160005272335
20043,7684,0.6393112711364984
20045,120290,0.6650114667383373
20047,2869,0.6590987401148805
20049,2523,0.6817361637430942
20051,28775,0.6868062918602872
20053,6231,0.6345000249329945
20055,36750,0.6876057976897892
20057,34179,0.703709419241846
20059,25558,0.6737395008287008
20061,34025,0.6843882984091261
20063,2644,0.7784696971182801
20065,2519,0.7818867333402915
20067,7467,0.6815305133415644
20069,6039,0.633271805068774
20071,1185,0.6548681221029404
20073,6081,0.6622976810456112
20075,2591,0.6586935460003019
20077,5594,0.640824441681946
20079,34503,0.6667063188936254
20081,4018,0.6646192943956638
20083,1876,0.648369377452738
20085,13266,0.6446160246373017
20087,18890,0.6592627320180462
20089,2885,0.7851470003768577
20091,591506,0.6976166582340688
20093,3907,0.6632313168439958
20095,7340,0.6553531818976833
20097,2505,0.6676733247471217
20099,20119,0.6584963828751258
20101,1564,0.6629307767536248
20103,80745,0.6728721812635825
20105,3044,0.63849228100726
20107,9671,0.7005399412637037
20109,2805,0.6410831137370682
20111,33251,0.6866707866463428
20113,28567,0.6548774803860811
20115,11964,0.6425424850287478
20117,9749,0.6591075899314301
20119,4180,0.6550211760091676
20121,33417,0.6543840597795745
20123,6145,0.6319267503722513
20125,32521,0.676111424081879
20127,5566,0.663315617440402
20129,2754,0.6695527793089193
20131,10121,0.6337030209775051
20133,16108,0.6379365914887989
20135,2876,0.7802418670898903
20137,5446,0.6176642314432909
20139,15881,0.6424512777025984
20141,3530,0.6493116412444018
20143,5822,0.6341422415230727
20145,6629,0.6537141977547656
20147,5340,0.6400475002156565
20149,23847,0.6775229401293497
20151,9452,0.6337311264179202
20153,2502,0.6955207869677917
20155,62765,0.6429408883145925
20157,4658,0.6450553254386225
20159,9658,0.6617482916132833
20161,75056,0.6394119460675339
20163,5053,0.6378286590381603
20165,3022,0.7743011351364013
20167,6948,0.6536273973430433
20169,54701,0.6524743726923558
20171,4917,0.652278517967492
20173,513375,0.6835749178368269
20175,22349,0.7053986294383857
20177,177852,0.6840860281990879
20179,2506,0.7712721283558771
20181,5938,0.6768209476130702
20183,3627,0.6714768215257962
20185,4181,0.6544305696014697
20187,2052,0.6526961122087769
20189,5603,0.6617686883305299
20191,23114,0.6419077122504223
20193,7810,0.6268458338900038
20195,2840,0.6992235795771053
20197,6889,0.6451363702997766
20199,1574,0.6418213508577638
20201,5493,0.6511004714513915
20203,2130,0.6786996955700537
20205,8688,0.6328058682170603
20207,3157,0.633579500097808
20209,164861,0.7099800941973067
21001,19222,0.6163037057088505
21003,20944,0.6099342027609033
21005,22409,0.6830767756774888
21007,8032,0.6449400850542977
21009,43884,0.6792728530362091
21011,12355,0.6920549325499976
21013,26791,0.6138515054815553
21015,130820,0.6984363544733331
21017,20058,0.703959342716146
21019,47682,0.6688496356637488
21021,29972,0.644332744288075
21023,8305,0.617771536604928
21025,12977,0.6797538822552502
21027,20176,0.6323513926413711
21029,80171,0.6739766016757214
21031,12764,0.6752687741729771
21033,12702,0.691953364542549
21035,38837,0.6694663259973513
21037,92861,0.6489074486927454
21039,4784,0.636293054535598
21041,10671,0.6388082808880091
21043,27159,0.6528184323410786
21045,15885,0.668020690397732
21047,71414,0.6595455920440159
21049,35971,0.6432019672226622
21051,20368,0.6798413513116238
21053,10193,0.6580151954515515
21055,9000,0.6330642754971753
21057,6697,0.6296953426288665
21059,100474,0.648687115546873
21061,12138,0.7003536582481836
21063,7510,0.7211062171470599
21065,14224,0.7350063244938195
21067,320601,0.6649319215532365
21069,14513,0.6107587206019638
21071,36456,0.6989408120576315
21073,50529,0.7450335222921477
21075,6130,0.6625282722495698
21077,8737,0.7140996125694445
21079,17445,0.7157588268883052
21081,24951,0.7400339588938796
21083,37248,0.6582368327330477
21085,26247,0.659778055794341
21087,10979,0.6208033116794042
21089,35555,0.6336137671839637
21091,8720,0.6241625569949865
21093,108527,0.7039626578927984
21095,26699,0.6157826973733389
21097,18722,0.6275411516743854
21099,18729,0.6603858879192899
21101,45829,0.7130079638457215
21103,15911,0.6294980222227369
21105,4510,0.6573109874548972
21107,45331,0.6586733336234577
21109,13369,0.7314231187045105
21111,767419,0.7056559091312185
21113,53032,0.6797222860821454
21115,22634,0.6666692169890601
21117,165668,0.6760344637342777
21119,15260,0.6145453057735472
21121,31365,0.6949183144696212
21123,14204,0.686713127008766
21125,60357,0.662202899864633
21127,15671,0.671800454732511
21129,6881,0.615430255187675
21131,10283,0.6847432220423664
21133,22295,0.715038146807028
21135,13417,0.6046395287099328
21137,24476,0.6613291093559438
21139,9235,0.7320334742828606
21141,26902,0.635411813585679
21143,8271,0.7522287320412215
21145,65268,0.68786346369737
21147,17465,0.7125011685172513
21149,9283,0.6405354180691807
21151,90802,0.704911967401839
21153,12491,0.6787094931650236
21155,19244,0.6279263313871299
21157,31192,0.7152669195544573
21159,11648,0.6925152154567784
21161,17112,0.6384099425283174
21163,28182,0.6683943816678699
21165,6443,0.6147739559466099
21167,21592,0.644337080733753
21169,10036,0.620533281821431
21171,10627,0.6136506614909056
21173,27884,0.6569683550445709
21175,13288,0.6126158010170393
21177,30951,0.6620731161836845
21179,45650,0.6742623560088754
21181,7153,0.6242058340248455
21183,24071,0.667259244136195
21185,65967,0.6626140243879062
21187,10796,0.694884087030733
21189,4442,0.6187197237697638
21191,14572,0.6840897439201941
21193,26624,0.670897906426525
21195,59497,0.6624180907536573
21197,12304,0.7556802332994987
21199,64350,0.7108306081838015
21201,2123,0.6349406592061781
21203,16820,0.6852655541304167
21205,24507,0.6896208692158072
21207,17778,0.6297953076767575
21209,54667,0.6853430751595648
21211,47325,0.6974643447851787
21213,18183,0.6800114930980065
21215,18680,0.6363294758734961
21217,25571,0.7023178382964628
21219,12316,0.6325791952013026
21221,14449,0.7484873978265394
21223,8558,0.6293346424727759
21225,14638,0.6187312361137937
21227,128652,0.6565659664281193
21229,12023,0.6987693562928178
21231,20546,0.7381733245425908
21233,13068,0.6328367763783449
21235,36131,0.7074944390706109
21237,7207,0.6002904960504012
21239,26318,0.6587577460520805
22001,62457,0.718004347798342
22003,25618,0.6948282557080324
22005,123114,0.7372079530356437
22007,22478,0.7146266690390393
22009,40669,0.7121101623555801
22011,37043,0.7038108788634222
22013,13564,0.715715120684967
22015,126499,0.7296979872393347
22017,245831,0.7404647160867215
22019,201619,0.7143794427094758
22021,9992,0.6490840790115848
22023,6930,0.7681709772864904
22025,9766,0.6647664390723642
22027,15985,0.7236240011877904
22029,19778,0.6864493425767211
22031,27289,0.7359232134305637
22033,443763,0.74365611925264
22035,7096,0.7298943677754359
22037,19371,0.7288460404030584
22039,33589,0.7245492986200665
22041,20238,0.6867990790309877
22043,22340,0.7113453878684111
22045,71887,0.7468355404676039
22047,32822,0.7473563191866219
22049,15879,0.6992733377895572
22051,434850,0.7376679882582925
22053,31441,0.6807843478237432
22055,241973,0.7193639615810004
22057,98108,0.678681838290883
22059,14936,0.6504409342833443
22061,47246,0.7099773670651264
22063,138928,0.7310660068452709
22065,11306,0.7349948449862693
22067,25610,0.7227988303246193
22069,38769,0.7176680792839848
22071,390845,0.7522705449585999
22073,155494,0.7232218381030353
22075,23338,0.719908561407222
22077,22016,0.7261251956754645
22079,130970,0.7193211730286256
22081,8565,0.6998780441876706
22083,20350,0.6970060104117985
22085,23991,0.7088920343908283
22087,46266,0.6838055201686091
22089,52773,0.703648746088023
22091,10297,0.7390971592311393
22093,21308,0.7380056619312451
22095,43242,0.7562212530115342
22097,83172,0.7286709446435921
22099,53732,0.7372565508028783
22101,50968,0.7042195353206682
22103,255155,0.7253873090045075
22105,132057,0.7304070188570287
22107,4561,0.7452015134669873
22109,112054,0.7269920116898194
22111,22353,0.6946818427680141
22113,59865,0.704014026330081
22115,49646,0.6717217909646882
22117,46435,0.7072033499513942
22119,39242,0.721275568855583
22121,26101,0.7223107778720639
22123,11041,0.6522684394926999
22125,15428,0.7381823042725579
22127,14313,0.7124860751799633
23001,107602,0.6576614728703778
23003,67809,0.6528008160638088
23005,292307,0.6972258607023962
23007,29982,0.6754867752516353
23009,54601,0.6521991276043347
23011,121753,0.6745828078417949
23013,39759,0.6981801443065598
23015,34201,0.6580399794011993
23017,57550,0.6649981659037523
23019,151774,0.636678528495165
23021,16836,0.6589746075744378
23023,35452,0.6568857575459613
23025,50520,0.6763820938122915
23027,39539,0.6436808012788113
23029,31491,0.6546827383199851
23031,204316,0.7168819898408297
24001,71445,0.6543231077108834
24003,571275,0.7299665477443297
24005,828018,0.7357039064516666
24009,91511,0.7242042647995548
24011,33049,0.6779638648902137
24013,167699,0.6886075011355347
24015,102552,0.6874857045887901
24017,159428,0.7740118131808045
24019,32138,0.712073141133805
24021,251422,0.7041886154115797
24023,29235,0.6820762449033304
24025,252222,0.706243386857522
24027,318855,0.7545043890886646
24029,19536,0.7036271967672447
24031,1043530,0.7555336357424131
24033,908670,0.8022771185188806
24035,49632,0.6812720916916066
24037,112290,0.7179140192751023
24039,25729,0.709446920733952
24041,37167,0.7138309299881654
24043,150109,0.6972900938171276
24045,102539,0.7079473432404654
24047,51765,0.7109990320649948
24510,609032,0.7664482274806816
25001,213496,0.7001412826238371
25003,126425,0.6817117693888953
25005,561037,0.6865646555328557
25007,17312,0.6882750070464875
25009,783676,0.7147445473680616
25011,70577,0.6700724142253812
25013,467871,0.6964295069961588
25015,161032,0.6828867262352285
25017,1600842,0.7170679500521533
25019,11168,0.7144976699517367
25021,700437,0.7292491798300837
25023,515303,0.7067337668992835
25025,796605,0.7322253791000279
25027,824772,0.6982889163877579
26001,10353,0.6859867199354538
26003,9151,0.6645272991309402
26005,116143,0.6836119726412369
26007,28520,0.6634174245436653
26009,23206,0.7207353678687994
26011,15070,0.6449350357986748
26013,8421,0.6522516713644473
26015,60540,0.7102816956663768
26017,104104,0.6517986356094153
26019,17615,0.7136902484591059
26021,154133,0.6953488195444537
26023,43513,0.6430142824382871
26025,134212,0.6647086382114933
26027,51523,0.7190932599379779
26029,26188,0.6609484546729016
26031,25418,0.6696712196002089
26033,37629,0.6758714686393011
26035,30651,0.6522153020652433
26037,78389,0.6623423324667966
26039,13892,0.6537561322300921
26041,36026,0.6528399447033958
26043,25439,0.6472119068986791
26045,109456,0.6652298024511789
26047,33104,0.6844116132396978
26049,407875,0.6845958441714601
26051,25279,0.6643128759927235
26053,15061,0.6799678328013112
26055,92181,0.6951892102339778
26057,40916,0.6257327190044758
26059,45757,0.6380357966087844
26061,36070,0.6048944986034838
26063,31349,0.6518039863805036
26065,290587,0.6638224093552936
26067,64300,0.6687118361899861
26069,25197,0.6901101484282286
26071,11152,0.662835315857741
26073,70688,0.6419887460039437
26075,158636,0.6862834119219041
26077,262745,0.6876189622732422
26079,17585,0.6695583508029441
26081,648121,0.6831727958873444
26083,2111,0.6696075360646907
26085,11852,0.6778445962270723
26087,88038,0.6481163829277847
26089,21652,0.7567101719736662
26091,98381,0.6578628867632134
26093,189754,0.671311601158927
26095,6338,0.6333121298398594
26097,10780,0.6956836082447229
26099,870325,0.6983755528687416
26101,24457,0.65559957506247
26103,66686,0.641243472040509
26105,28954,0.6479432944191531
26107,43251,0.6585802295218138
26109,23074,0.6503360897292229
26111,83355,0.6679379834332098
26113,15028,0.6664789025511597
26115,149727,0.6646943316095315
26117,63413,0.6439009969279534
26119,9265,0.6659312221784128
26121,173297,0.6708596132408268
26123,48366,0.6411151027684767
26125,1253185,0.7060006549463149
26127,26416,0.6466043099213858
26129,20898,0.6742685851267317
26131,5877,0.6976817712351776
26133,23290,0.6540965259213879
26135,8248,0.6509862595591216
26137,24490,0.6379637372660981
26139,286558,0.6798446650920931
26141,12714,0.669933204973542
26143,23851,0.7064967756830504
26145,191821,0.6922141185128944
26147,159247,0.6502064930121145
26149,60836,0.6501351029235777
26151,41295,0.6402511942117712
26153,8048,0.683603955375093
26155,68340,0.6451708498942929
26157,52939,0.6363944573074052
26159,75358,0.7278562286877966
26161,367000,0.690674972044654
26163,1757299,0.7220916855770312
26165,33256,0.6318835060425583
27001,15834,0.7138947813182653
27003,350253,0.6856666713078704
27005,34011,0.6507569922011619
27007,46403,0.7220496565435877
27009,40129,0.6716982924869885
27011,4996,0.6475937132933981
27013,66795,0.6179060102771903
27015,25163,0.6357156903744451
27017,35633,0.692149891667911
27019,101949,0.7027657763876825
27021,29268,0.693312921584812
27023,11953,0.7028288275086702
27025,55315,0.6912594012385859
27027,63446,0.6980009196693542
27029,8821,0.6484375639702827
27031,5376,0.7402199938757911
27033,11299,0.65474832113786
27035,64217,0.6980707445278517
27037,421453,0.7001617930721608
27039,20669,0.6361174297637238
27041,37513,0.6886568510578677
27043,13801,0.6488091383451623
27045,20949,0.6334784602641966
27047,30463,0.6612035166859231
27049,46246,0.66964474698894
27051,5935,0.642793470914847
27053,1245837,0.7071662990236627
27055,18648,0.6497483462639899
27057,21019,0.6542603615334758
27059,39430,0.6657997379163824
27061,45141,0.7485216414409299
27063,9954,0.6476255220700522
27065,16089,0.6383406259200772
27067,42841,0.6582391919317896
27069,4311,0.6845227565896598
27071,12515,0.7153913926252039
27073,6719,0.677408980443805
27075,10560,0.709824261903309
27077,3771,0.7342077085403768
27079,28242,0.672561313703418
27081,5677,0.644114156784626
27083,25758,0.6415830411864824
27085,35832,0.686969855831184
27087,5501,0.7195343078089804
27089,9372,0.6426215656174835
27091,19852,0.6795825623212381
27093,23105,0.6335586626844677
27095,25865,0.640352227298066
27097,33064,0.6326560470552659
27099,39807,0.6503983856333095
27101,8296,0.6602841925150581
27103,33954,0.6352413136139535
27105,21734,0.6737714276801255
27107,6520,0.6530608170048302
27109,154809,0.6834717199170708
27111,58195,0.6542683147669017
27113,14183,0.6346579814027693
27115,29223,0.6622450993806821
27117,9191,0.6480751245355647
27119,31521,0.645581042549719
27121,11048,0.648395142669338
27123,544442,0.703639223284385
27125,4015,0.643797716724284
27127,15261,0.6510036542458246
27129,14652,0.6527693792117987
27131,66185,0.6804802806162423
27133,9402,0.6302380631406972
27135,15361,0.6375844423125997
27137,199759,0.6677605843816716
27139,145275,0.7160188964868746
27141,94463,0.7265533664456026
27143,14892,0.6400522933920018
27145,158452,0.6829657793344976
27147,36683,0.6610894877785781
27149,9789,0.6362495588139957
27151,9359,0.6512419354130832
27153,24494,0.6408614839054753
27155,3311,0.6617336294357438
27157,21537,0.6476886816801182
27159,13654,0.6427821691187495
27161,18740,0.6420729144599113
27163,255938,0.70210742020533
27165,10972,0.6663676097724209
27167,6291,0.6437804423497777
27169,50725,0.6761532106362664
27171,134438,0.7122574812257619
27173,9814,0.6420181315651573
28001,31266,0.7593437954143689
28003,37090,0.698663529183084
28005,12412,0.734175254499762
28007,18437,0.7120332855178018
28009,8232,0.7127435103127812
28011,31848,0.7656314126508724
28013,14499,0.6798923328519261
28015,10070,0.7305434509719037
28017,17193,0.7112384347526975
28019,8277,0.6791379122476525
28021,9089,0.7868584519680387
28023,15770,0.7331751297296588
28025,19640,0.7401530683876822
28027,23255,0.776256574135336
28029,28501,0.748891475478982
28031,18978,0.7379081240269341
28033,178975,0.7176498101706054
28035,75224,0.7053025683973239
28037,7733,0.7437217882532678
28039,23917,0.6650528111729608
28041,13645,0.7381302336854226
28043,21088,0.7602332237661494
28045,46961,0.7638484799304005
28047,204502,0.7435066546321175
28049,238797,0.760913552345036
28051,17737,0.7690421372249759
28053,8389,0.7703389389175723
28055,1361,0.7317717057645637
28057,23462,0.6639655922579845
28059,142376,0.7412505268305314
28061,16505,0.7645211940149351
28063,7225,0.7672142667371928
28065,11339,0.7502576664480358
28067,68352,0.7319692076225228
28069,9943,0.7356200944385054
28071,53590,0.7090109936916696
28073,61969,0.7446366122164079
28075,76279,0.7496961440282257
28077,12633,0.690760639321208
28079,22792,0.730383730821327
28081,85072,0.712226440858095
28083,29222,0.7647068455297318
28085,34320,0.7506405986032523
28087,59150,0.7479848513897561
28089,104562,0.7357732335389722
28091,24990,0.6796350731252372
28093,35599,0.7631576491970504
28095,35673,0.7273277957457934
28097,10068,0.7422167865849363
28099,29332,0.7163114579789751
28101,21360,0.7057949406460124
28103,10700,0.7649598737567548
28105,49512,0.7172979268544908
28107,34190,0.7459480126001603
28109,55219,0.7505954117198188
28111,12006,0.6574123571147454
28113,39532,0.7321321140979625
28115,31618,0.647629935440623
28117,25255,0.7265668662125833
28119,7187,0.7690019646500443
28121,152677,0.7118987120157289
28123,28332,0.7308075641084512
28125,4404,0.7704973019224712
28127,26888,0.7405827617552793
28129,16009,0.7389895970895406
28131,18276,0.7354698783523083
28133,26168,0.734055389995585
28135,14158,0.7238125612462073
28137,28404,0.7062929580241115
28139,22018,0.7200569201821998
28141,19441,0.7513931278187561
28143,9988,0.7632459634885566
28145,28507,0.6477851059238214
28147,14477,0.7549986986545889
28149,46519,0.7373395291517539
28151,46057,0.7643570009971012
28153,20373,0.7585378815355974
28155,9768,0.6537080540277531
28157,8875,0.7447543956859157
28159,18229,0.7208962872517677
28161,12367,0.7289873982310225
28163,28565,0.7018235052159494
29001,25369,0.6394220539795753
29003,17503,0.6883127568698557
29005,5229,0.6468844405115458
29007,25644,0.6333977019339228
29009,35530,0.7073270184975329
29011,11797,0.6276636492952437
29013,16296,0.6307151922112367
29015,19107,0.7044102398776414
29017,12225,0.6212548825666685
29019,177651,0.6936006529975282
29021,88460,0.6512572227112097
29023,42656,0.671829835341233
29025,9039,0.7265053792218833
29027,44889,0.6885945270573675
29029,45466,0.7506353104717154
29031,78491,0.676846101439633
29033,8781,0.6291809540267674
29035,6147,0.6256337234011119
29037,103597,0.6862685648405266
29039,14043,0.6880349501187641
29041,7483,0.636354550314078
29043,85658,0.6855554747374243
29045,6779,0.6188093073145307
29047,242516,0.6967279784876799
29049,20500,0.6732967493798927
29051,76723,0.6764950800457578
29053,17660,0.627723428608081
29055,24154,0.6822592176823009
29057,7578,0.6364793063188832
29059,16617,0.6898268910861568
29061,8295,0.6229379893242469
29063,12526,0.6998943964856422
29065,15545,0.6301693811401149
29067,13306,0.645595665263542
29069,30027,0.6492129571705763
29071,103191,0.7214256063880125
29073,14711,0.6344478109655952
29075,6616,0.619280850105803
29077,289756,0.6684966672395848
29079,9992,0.6289012603920865
29081,8491,0.6249313552633152
29083,21735,0.635200018232245
29085,9404,0.7156920066492445
29087,4432,0.6429459973536874
29089,10058,0.6356836096436278
29091,40104,0.659724705832538
29093,10164,0.6328312487263157
29095,696216,0.7102507961357593
29097,119920,0.6806780146161219
29099,223951,0.6677295111116996
29101,53682,0.699044638267091
29103,3947,0.6217809826085196
29105,35531,0.6995343857669609
29107,32597,0.6632862931301398
29109,38204,0.6998928559065395
29111,9955,0.6170695666176951
29113,56477,0.74328352259139
29115,12113,0.6353668247024193
29117,15126,0.6410238169543931
29119,22782,0.7176529378628641
29121,15199,0.6276714884943775
29123,12179,0.6933273036989722
29125,8803,0.6312485302510414
29127,28608,0.6291698019292514
29129,3644,0.6316497387773278
29131,25201,0.7442445533068971
29133,13574,0.6546130734302463
29135,16046,0.6087678507376932
29137,8629,0.644203482596104
29139,11487,0.6348952099078333
29141,20271,0.6772007988988631
29143,17560,0.65973612741942
29145,58180,0.6623320858300187
29147,22359,0.6534713248522632
29149,10647,0.62517623642301
29151,13615,0.6188042479085704
29153,9207,0.7185948915729007
29155,16663,0.6759199414868899
29157,19191,0.6258409967931822
29159,42355,0.6335064050096509
29161,44630,0.6602221598141196
29163,18455,0.6253949204557596
29165,100682,0.7176269314777021
29167,31748,0.7579798845407626
29169,52425,0.6704073858221747
29171,4781,0.6434206767974793
29173,10234,0.6477614037729871
29175,24878,0.6141287063651976
29177,22875,0.7210584008800788
29179,6290,0.6324451236495601
29181,13567,0.6248121333276901
29183,394290,0.6753726703341598
29185,9370,0.6450648727883098
29186,17848,0.6861467653173643
29187,66643,0.7056750245290503
29189,996919,0.7282037510497725
29195,22976,0.6367578533787499
29197,4555,0.6191854110545512
29199,4902,0.6272515786846768
29201,38633,0.6564080521061277
29203,8217,0.6460746322321167
29205,6013,0.6321215618574946
29207,29377,0.6213453215495844
29209,31615,0.7913997852013159
29211,6247,0.6521967815260052
29213,55114,0.7294049895565822
29215,25604,0.764842078181439
29217,20595,0.6153424727363453
29219,34453,0.7554670677010497
29221,24860,0.6714348520599296
29223,13195,0.6362929560925994
29225,38655,0.620076506754747
29227,2027,0.6450005703485083
29229,18203,0.615948523597626
29510,308174,0.7234789636115393
30001,9415,0.6315168140260168
30003,13387,0.7476443776639031
30005,6719,0.7386779211137419
30007,5945,0.6707618551936941
30009,10597,0.6582696550881083
30011,1331,0.6415903978160433
30013,81625,0.6670082683570651
30015,5732,0.6711148974906339
30017,11729,0.6365127945899313
30019,1730,0.6544322234873383
30021,9017,0.6351005331811406
30023,9106,0.6438575373211137
30025,2921,0.6323440486637903
30027,11221,0.7212438200251593
30029,99899,0.7223605853031879
30031,108063,0.6695149020309503
30033,1036,0.6273545499816096
30035,13732,0.7442980990541845
30037,728,0.6829476776191263
30039,3311,0.7885026129536706
30041,16436,0.662913956120283
30043,11917,0.6585660884022669
30045,1954,0.6520707108138888
30047,30013,0.7245374457863617
30049,67805,0.6835367552833886
30051,2351,0.6583128188279695
30053,19537,0.7099793373706731
30055,1790,0.656488073522226
30057,8302,0.709583626160677
30059,1888,0.6261527285942771
30061,4251,0.6700381806399336
30063,117309,0.696616218862787
30065,4766,0.6626343790983531
30067,16352,0.6493762928766327
30069,453,0.6389824732085299
30071,4077,0.6578860737781904
30073,5994,0.6588475727707576
30075,1607,0.668799600801474
30077,6854,0.6205158788353073
30079,1252,0.6650350837085072
30081,42512,0.7118302456950104
30083,11199,0.6805926785729296
30085,11175,0.7358442896367025
30087,9152,0.717090354672171
30089,11681,0.7300609439108344
30091,3483,0.65961287783479
30093,34770,0.6525577906078118
30095,9466,0.6581928889634103
30097,3670,0.6674407923767776
30099,6086,0.653007376862273
30101,4892,0.643896429204966
30103,668,0.6807787154945152
30105,7471,0.6557443667395091
30107,2142,0.619558711224512
30109,1122,0.6506282663700766
30111,159008,0.6661024650436453
31001,31587,0.6403335914634324
31003,6341,0.6367938866551415
31005,427,0.6318316385372038
31007,722,0.6565516387385228
31009,477,0.635198747936578
31011,5279,0.6372706703265584
31013,10970,0.6732994025290838
31015,1937,0.6711157745547256
31017,3015,0.6495412907075404
31019,49209,0.6261089185306099
31021,6510,0.6507437699095264
31023,8029,0.6485584292804257
31025,25888,0.6503802220258315
31027,8498,0.6370030783457881
31029,3783,0.6525962427756791
31031,5779,0.6402820560294658
31033,9604,0.6395287255156678
31035,6203,0.6426956018610086
31037,10714,0.6907198945895789
31039,8952,0.6534091999458704
31041,10826,0.6412043405922123
31043,20173,0.7055464431429811
31045,8810,0.6241333131850366
31047,23733,0.6785250156689426
31049,1831,0.6609353353551792
31051,5719,0.6726776146970844
31053,36665,0.6453861614185418
31055,560617,0.6791918621429467
31057,1913,0.6196938625487081
31059,5547,0.6458351187720434
31061,2987,0.6535422228796005
31063,2640,0.6375093922736856
31065,4747,0.6399335298170232
31067,21594,0.640708114061156
31069,1864,0.6339141861310214
31071,2001,0.6459558649016802
31073,2013,0.6681635526076033
31075,722,0.6298549841375781
31077,2382,0.6435995783010193
31079,61265,0.6654671518586273
31081,9215,0.6432796752117752
31083,3415,0.6524976101042984
31085,893,0.6457210958200641
31087,2815,0.6353091454239874
31089,10177,0.6340416901853955
31091,693,0.6776722675613087
31093,6417,0.6343885749957685
31095,7144,0.6432873343858829
31097,5161,0.6392203959364748
31099,6529,0.6406777400946209
31101,8068,0.6609649850473089
31103,760,0.6424573298892721
31105,3633,0.6437910627151066
31107,8426,0.6621131216669712
31109,313158,0.6560427812499412
31111,35263,0.6438522573231052
31113,927,0.6307459216023713
31115,605,0.6658146314924648
31117,395,0.6600751976959927
31119,35080,0.6516187787316206
31121,7798,0.6372976887448942
31123,4781,0.6736512401305224
31125,3544,0.6550483803249143
31127,6973,0.6474678736119057
31129,4244,0.6531037930091124
31131,15949,0.6535613514863867
31133,2649,0.6460467232711687
31135,2901,0.637120849699773
31137,9100,0.649192402085001
31139,7144,0.635743293069565
31141,33174,0.6718603978939538
31143,5225,0.6487484596892671
31145,10768,0.6384415008684747
31147,7961,0.6529520839423284
31149,1414,0.6247058387203478
31151,14270,0.6909238365374197
31153,181232,0.6647427645334247
31155,21165,0.6466265358330632
31157,36074,0.6644744956337121
31159,17171,0.6221699510680648
31161,5231,0.6850531690404984
31163,3033,0.644012678153601
31165,1219,0.6408724867115433
31167,5957,0.6432965721717888
31169,5057,0.656972579719761
31171,645,0.6591058375734229
31173,7181,0.7334478820725779
31175,4206,0.6370297107566097
31177,20361,0.6597535824888153
31179,9332,0.6122667156000948
31181,3537,0.636003638598755
31183,783,0.6378911863665185
31185,13745,0.6380444210711007
32001,24259,0.6757869165736278
32003,2182004,0.7238207835993303
32005,48132,0.6968634057161758
32007,52297,0.6870237367509839
32009,969,0.738408408143824
32011,1859,0.6931446873155042
32013,16828,0.7055648958447587
32015,5643,0.7516788039239779
32017,5180,0.6700770786289966
32019,54380,0.7566185244765092
32021,4460,0.7492899136847053
32023,44380,0.7620347536665566
32027,6615,0.6549963369118905
32029,3988,0.6777312898380509
32031,456936,0.7110920931999988
32033,9679,0.6646726841047699
32510,54773,0.6905649168803091
33001,60887,0.6934574102165104
33003,48138,0.76257989088262
33005,76042,0.6806619957433897
33007,31741,0.6411468943972467
33009,89777,0.7197030414128831
33011,413035,0.7030123248405775
33013,149917,0.6692268249306453
33015,306359,0.6862615982009044
33017,129124,0.6786336055779807
33019,43104,0.673156106336761
34001,266105,0.719127602963878
34003,930390,0.7399146523927466
34005,445702,0.7181376187566568
34007,506738,0.7224659239018955
34009,93086,0.6851488853019182
34011,151906,0.7216268704023022
34013,795404,0.7627582903307906
34015,291165,0.6981240110999054
34017,670046,0.7483683118521727
34019,124823,0.7179894609487463
34021,367922,0.7332785291992503
34023,825920,0.748933853716145
34025,621659,0.712363703270568
34027,493379,0.7268800655304342
34029,596415,0.7002014541193102
34031,503637,0.737309599644159
34033,62990,0.6922719713389848
34035,329838,0.7493953310580119
34037,141483,0.6930350953797381
34039,554033,0.7521013060467503
34041,105862,0.6872515976899127
35001,677858,0.721194428317149
35003,3526,0.7992879247834522
35005,65144,0.6797358685820405
35006,26891,0.7419077903057785
35007,12168,0.6982740284648017
35009,49732,0.6895954143297001
35011,2040,0.7445682656486834
35013,216069,0.7300285506302063
35015,57732,0.6939940426466269
35017,27669,0.7262076694493643
35019,4353,0.7220644908141441
35021,441,0.7843617626021394
35023,4297,0.699300679609989
35025,70277,0.7008941803477715
35027,19461,0.7485844981795373
35028,18625,0.7195005878187986
35029,24083,0.7038573682717312
35031,72438,0.7512607400992554
35033,4536,0.7944181086593127
35035,66137,0.7109452656409847
35037,8326,0.7058131919600757
35039,39159,0.7743907872675226
35041,18888,0.6428766436502479
35043,142704,0.734252282308334
35045,126515,0.7283353494785565
35047,27738,0.7431813713274695
35049,149293,0.7305159860440695
35051,11031,0.7013094963375709
35053,16858,0.7183808518142176
35055,32786,0.772770698364769
35057,15519,0.726357253826006
35059,4133,0.6620272916451172
35061,76027,0.7269591257196125
36001,306968,0.7078826937679802
36003,46688,0.6536480435578402
36005,1435068,0.7778549509645916
36007,193188,0.6641717324872252
36009,77121,0.6595270518692642
36011,77425,0.6850485970993515
36013,128496,0.6522889484882434
36015,84895,0.684712863271771
36017,47909,0.6948483389407437
36019,80583,0.7151373126745985
36021,60371,0.6822669168590435
36023,47865,0.6420958805202952
36025,44995,0.7042073821159733
36027,293754,0.7051433683023779
36029,919355,0.6920240044038786
36031,37459,0.7166689116177899
36033,50477,0.69113272960009
36035,53646,0.6687787137221154
36037,57808,0.6892143114169855
36039,47424,0.694307448420648
36041,4515,0.6808997440347362
36043,62057,0.6510130837309979
36045,112842,0.6764414798507785
36047,2589974,0.7469060003340093
36049,26572,0.7030352631727418
36051,63591,0.6719919055983092
36053,71205,0.6693109295645351
36055,743341,0.7065054667873674
36057,49302,0.6530412188732314
36059,1356509,0.7377312021298783
36061,1631993,0.7524829175776296
36063,210820,0.6763537240326497
36065,229959,0.6673732973392998
36067,462872,0.6802669779098065
36069,109511,0.7342944446557871
36071,380085,0.7126095447685294
36073,40904,0.6874991370767098
36075,118339,0.6812456452425494
36077,59972,0.7146284148463762
36079,98787,0.7266235726842658
36081,2287388,0.7719894166666639
36083,159185,0.6928970167054921
36085,474893,0.7283963056487568
36087,324422,0.7237239112252416
36089,108913,0.6412747049155199
36091,228502,0.7060886432589976
36093,154859,0.6961101717865805
36095,31222,0.6549426659705431
36097,17920,0.6492167943128452
36099,34390,0.6667900662066838
36101,96422,0.6483630199252326
36103,1483832,0.723581576637544
36105,75116,0.7211558601027296
36107,48686,0.6651110137619
36109,102642,0.6681662303240339
36111,178665,0.6983535458429762
36113,64276,0.694698739648013
36115,61616,0.6863766233665217
36117,90519,0.6736645890093177
36119,968890,0.7417969596837132
36121,40305,0.6662000742676465
36123,25011,0.7159220831976947
37001,163324,0.6940480039283731
37003,37213,0.6405800688230037
37005,11008,0.6533082195228654
37007,24902,0.7381415650557834
37009,26863,0.7236802041336395
37011,17506,0.6369078030897314
37013,47168,0.7165246622391853
37015,19380,0.7558392573947461
37017,33407,0.7658263146604696
37019,131815,0.7427173925672877
37021,256886,0.6831709593292214
37023,89968,0.6758075832088225
37025,206615,0.712506981939289
37027,81884,0.6698820447085665
37029,10551,0.6593435592995849
37031,69070,0.6969804139072926
37033,22684,0.7032511949462458
37035,157613,0.6817051418750695
37037,71338,0.7296334959269918
37039,27969,0.7622176372327314
37041,14097,0.7571098644769626
37043,10946,0.7895573721540932
37045,97282,0.6847930921620718
37047,56068,0.713380326724813
37049,102491,0.7128425398189775
37051,332861,0.7220034259470485
37053,26363,0.7083144268158769
37055,36222,0.6827018337731462
37057,165381,0.6979647515444203
37059,42257,0.7227050904516433
37061,58967,0.749308610234823
37063,311848,0.7309670885181953
37065,52648,0.7485958501159259
37067,375195,0.7037835425515278
37069,66362,0.7179952629797507
37071,219271,0.707390584928597
37073,11548,0.7069864515800872
37075,8509,0.6540175104495825
37077,59328,0.7197483194712759
37079,21033,0.709779651076471
37081,527868,0.7242643569681766
37083,51190,0.7525913317144471
37085,132283,0.6814434064842539
37087,61053,0.7112413804047286
37089,114913,0.6905859072326057
37091,24012,0.7568426511585034
37093,53957,0.7303170978653895
37095,5213,0.7573140492671062
37097,175538,0.6729304585130456
37099,42938,0.6509094247461406
37101,196870,0.7415580388571698
37103,9594,0.7013294937847663
37105,60481,0.7098264459091912
37107,56756,0.7401725623579344
37109,82919,0.6622440385704932
37111,45227,0.6707872348719155
37113,34813,0.6792844794490587
37115,21499,0.6905348834375773
37117,22849,0.7177326302543323
37119,1074475,0.7357577356549174
37121,15004,0.6508483729752385
37123,27252,0.7549412698128867
37125,97294,0.7472080895217239
37127,94030,0.7467176541013958
37129,227938,0.710089493947972
37131,19946,0.7789191125006976
37133,195069,0.6770809420477957
37135,144836,0.716566035224904
37137,12701,0.7428572334430485
37139,39514,0.6970605440002183
37141,60399,0.6882666344850799
37143,13430,0.743709368000592
37145,39345,0.706031124772654
37147,178433,0.7189066572196465
37149,20557,0.700755486046531
37151,143118,0.6841273524466154
37153,44997,0.6980139247280596
37155,132596,0.7555348439475323
37157,91077,0.6886397623732917
37159,140296,0.677554114624059
37161,66599,0.7237983918965579
37163,63385,0.7475573690759337
37165,35076,0.7454615521224925
37167,61588,0.6943923911708746
37169,45781,0.7099571340623874
37171,71971,0.6544876681781351
37173,14260,0.6884652735714523
37175,33775,0.7538356723548383
37177,4095,0.694435082403408
37179,231053,0.6952839307577363
37181,44479,0.7491637971336719
37183,1069079,0.7193080948042287
37185,19898,0.767610191575779
37187,11922,0.7484531787131892
37189,54925,0.6054301015969518
37191,123603,0.7153228187128463
37193,68469,0.6942795480002564
37195,81435,0.7448487799841748
37197,37602,0.689843105298676
37199,17760,0.6674023974699682
38001,2311,0.6791048692835772
38003,10706,0.64824172357056
38005,6873,0.7672428149815623
38007,922,0.6192164864257994
38009,6502,0.6529552478369467
38011,3148,0.6435254033496951
38013,2182,0.6489173630582294
38015,94793,0.6499535872345996
38017,176975,0.6892408128875627
38019,3803,0.6612704372711801
38021,4938,0.6374336718887371
38023,2335,0.6879707070470273
38025,4395,0.6712842150842171
38027,2301,0.6576540322299983
38029,3310,0.6603124997864978
38031,3260,0.6624624465509502
38033,1845,0.6626875715411433
38035,70224,0.6643857051820425
38037,2353,0.6489547575304822
38039,2409,0.6527412772924546
38041,2547,0.6611485155018783
38043,2466,0.6411146338115588
38045,4125,0.6483259559798678
38047,1872,0.6597195795497794
38049,5878,0.6398261407346302
38051,2597,0.6731461874095439
38053,13334,0.6725132336956269
38055,9584,0.7329442460389165
38057,8462,0.6580458291024497
38059,30868,0.6761603159383803
38061,10321,0.6884528308823039
38063,2894,0.664639994931823
38065,1842,0.6710704723490564
38067,6947,0.7021083920302928
38069,4126,0.6478914973360954
38071,11583,0.6536657977859296
38073,5314,0.6553286854174591
38075,2442,0.6252278705014113
38077,16254,0.6395936131682852
38079,14511,0.7691342619643711
38081,3872,0.6560616760461833
38083,1409,0.6505446632378167
38085,4373,0.7725860468398431
38087,742,0.6562851208134944
38089,31081,0.6665340589877738
38091,1744,0.6659301543442875
38093,20965,0.6786237164240881
38095,2224,0.6663580346423087
38097,8008,0.6443815510418208
38099,10751,0.6582231198684083
38101,68812,0.6683504211838163
38103,3976,0.6539174371043441
38105,35208,0.6800715594143274
39001,27776,0.6536131975795354
39003,103175,0.6665821156680225
39005,53536,0.6474814545071115
39007,97830,0.6666816028956195
39009,65917,0.6060429660555653
39011,45729,0.6473605766885181
39013,68024,0.6674763415865785
39015,43572,0.6574215915357157
39017,380019,0.674020515395025
39019,27332,0.6436706645705259
39021,38845,0.6350636559140979
39023,134726,0.6621565724189813
39025,204275,0.6784594374733431
39027,41957,0.6477325022908348
39029,103190,0.6435198148762007
39031,36585,0.6276893134869134
39033,41821,0.6337592536000073
39035,1247451,0.7185585349581979
39037,51513,0.6620893253057412
39039,38160,0.6380488141699128
39041,201135,0.6885892100504606
39043,74780,0.6929804133307467
39045,154457,0.6937281018895545
39047,28620,0.6305388974085002
39049,1290360,0.7054447957029419
39051,42253,0.6711695906143366
39053,30088,0.655962880278936
39055,93843,0.6633347654940311
39057,166502,0.6919584907375478
39059,39111,0.6278942164638592
39061,813589,0.7049677548906431
39063,75837,0.6633292586318738
39065,31425,0.6433397309497144
39067,15211,0.6433740992440282
39069,27208,0.6453173825753518
39071,43016,0.6552938908484968
39073,28390,0.6302076865843853
39075,43901,0.6239659220089052
39077,58339,0.6272600293204968
39079,32450,0.6187189514149948
39081,66371,0.657442726616757
39083,61481,0.6594746699563635
39085,229954,0.6799122773819755
39087,60184,0.657753735071655
39089,173750,0.7053698076782895
39091,45316,0.6391736826574468
39093,307670,0.6968203484215401
39095,431102,0.7185266336671912
39097,44135,0.6401979023100667
39099,229961,0.6949061744285524
39101,65299,0.6283958933318495
39103,177980,0.6772448155575262
39105,23078,0.6214920269010815
39107,40884,0.6283989217052577
39109,105371,0.6589582785361228
39111,13942,0.6379254734576089
39113,531670,0.6893425373970803
39115,14640,0.6388541063944019
39117,35043,0.6970157000039492
39119,86131,0.6492819367223697
39121,14416,0.708003334210905
39123,40632,0.6759869851496842
39125,18809,0.6371523724775521
39127,36022,0.6962804186951546
39129,57762,0.6723003369053673
39131,28000,0.6613379260076758
39133,162511,0.659043056262987
39135,41093,0.636412318597609
39137,33911,0.6683175670980147
39139,121100,0.6469967853485251
39141,76948,0.6561296503485101
39143,59029,0.6524683875871946
39145,76040,0.642178778726734
39147,55351,0.6312814085925652
39149,48749,0.6291860766182452
39151,372404,0.661406570274014
39153,541334,0.6836179753425125
39155,200367,0.6590857126135032
39157,92335,0.6507730609983724
39159,56707,0.6930907295452038
39161,28261,0.6300503818716858
39163,13083,0.6373151932154167
39165,229132,0.7004693762668732
39167,60426,0.6662045806485071
39169,116099,0.6312210511762698
39171,36816,0.6267743363748396
39173,130150,0.6537352571895622
39175,22000,0.6305410181931604
40001,22220,0.7210811123876663
40003,5847,0.6520248111734794
40005,13823,0.6663747686620535
40007,5377,0.6753143138270987
40009,22268,0.6220674672740614
40011,9556,0.6733084762911351
40013,46457,0.6999052265236652
40015,29242,0.7093255786301734
40017,140455,0.6854708741430003
40019,48319,0.7255051822333896
40021,48664,0.7335989795070103
40023,14807,0.7005436205124462
40025,2174,0.7090323824329672
40027,279274,0.6805620274832312
40029,5581,0.6793230109930801
40031,121762,0.6991636187065438
40033,5858,0.6592304029802982
40035,14390,0.6845642138692613
40037,71427,0.6832823201745359
40039,29152,0.7066185552406221
40041,42433,0.7414424232488706
40043,4922,0.6647005887327265
40045,4015,0.6501778470732593
40047,61898,0.7005005092204878
40049,27835,0.6579051777625127
40051,55071,0.7175202000321103
40053,4397,0.6468689209725111
40055,5861,0.6270128322346473
40057,2710,0.6839436606547146
40059,3760,0.6610387303719992
40061,12687,0.6728555737670892
40063,13372,0.6703396323803973
40065,25063,0.6574608524473348
40067,6158,0.6520503695727979
40069,11064,0.7127651453976928
40071,44402,0.6603634986962766
40073,15694,0.6438394653941593
40075,8886,0.6503774787364056
40077,10348,0.6883753403758397
40079,50026,0.6649320344634426
40081,34895,0.6796073981552274
40083,46683,0.7261360976218778
40085,10063,0.6657435140128038
40087,39247,0.7288440712207618
40089,33016,0.6997856177706197
40091,19725,0.7312583863259672
40093,7692,0.6559920511253365
40095,16505,0.729883435250666
40097,41044,0.7035660259466292
40099,13946,0.747435896181106
40101,68736,0.7242391396363445
40103,11335,0.66219800708965
40105,10322,0.6895015407466635
40107,12067,0.6848888061160515
40109,787216,0.7037297494914259
40111,38749,0.7037414936148676
40113,47226,0.7226192739304481
40115,31454,0.6771751403730081
40117,16412,0.6653347330072259
40119,81815,0.6624007067847815
40121,44146,0.6810868045673778
40123,38355,0.6949249219261663
40125,72154,0.6937759558067589
40127,11128,0.7295512810909
40129,3667,0.6499736896755437
40131,91353,0.6785420036030203
40133,24832,0.6797487981577389
40135,41709,0.7237002811550846
40137,43647,0.6634634210874931
40139,20805,0.6914354027493064
40141,7413,0.6801042146312499
40143,646419,0.7048947227916479
40145,78958,0.6956057506697857
40147,51886,0.689174421553433
40149,11225,0.6365930288112815
40151,9043,0.67646883996247
40153,20727,0.6367024387133763
41001,16019,0.661205019267702
41003,91107,0.6780724582991653
41005,410463,0.686828270721741
41007,39102,0.6627534343814857
41009,51375,0.6680148925749619
41011,63686,0.7449021208728489
41013,23011,0.7548955473829411
41015,22650,0.7471855144151041
41017,186251,0.7468649368767332
41019,109114,0.7153612325411602
41021,1878,0.7027073631779033
41023,7189,0.752604417215075
41025,7267,0.7399775669039953
41027,23209,0.7205038050586612
41029,216574,0.702233839843553
41031,23607,0.7206384307097142
41033,86251,0.7225268782829363
41035,66921,0.6731078916186087
41037,7837,0.6581875466360048
41039,373340,0.6656499154439062
41041,48547,0.6916757587818563
41043,125048,0.6933103897422843
41045,30412,0.6416060300774706
41047,339641,0.6850991195837951
41049,11303,0.7298884501130178
41051,804606,0.6919029482228864
41053,83037,0.6988282016738261
41055,1642,0.663626065808758
41057,26389,0.7136336866415521
41059,77129,0.6822500639467092
41061,26337,0.638122343269154
41063,7004,0.6656798340573006
41065,26130,0.65676835664501
41067,589481,0.7106549803493148
41069,1415,0.6905587103210931
41071,104831,0.6780458635906679
42001,102470,0.6734625867871498
42003,1221744,0.6892021870701848
42005,65867,0.6418129541384152
42007,165833,0.6759924672068811
42009,48337,0.6532107172613268
42011,418025,0.7109812792913905
42013,123157,0.6594382544746623
42015,60963,0.6541560764400005
42017,626806,0.6967645312658187
42019,186899,0.6685784156484271
42021,133009,0.6504194779503139
42023,4611,0.662120690302215
42025,63887,0.7185361689545771
42027,161960,0.669904125868404
42029,519560,0.6995661180415782
42031,38715,0.6702202949284134
42033,79908,0.6255925293357784
42035,38915,0.6544182137440993
42037,65715,0.6552771917177712
42039,85665,0.63822447343217
42041,249328,0.6867303494389989
42043,275632,0.7035231367903672
42045,564554,0.7188214473906417
42047,30340,0.6429705077805384
42049,273835,0.6602193031363566
42051,131302,0.6492621963668072
42053,7313,0.6891840122058799
42055,154147,0.6899792347595527
42057,14506,0.6394262886678224
42059,36870,0.6633357596999725
42061,45369,0.655887207339503
42063,85032,0.6354737651538257
42065,43846,0.6253377088174864
42067,24624,0.6741730379152202
42069,210652,0.6673248341505088
42071,540999,0.686760975032281
42073,86727,0.6535159964071076
42075,139729,0.6753081963730695
42077,365052,0.6995971534034932
42079,317663,0.6736281856468105
42081,114330,0.6642289044811844
42083,41401,0.626345230131816
42085,111518,0.6727521531120774
42087,46276,0.6583433023120603
42089,168032,0.7352938534269368
42091,823823,0.706656817190432
42093,18259,0.6687978158849033
42095,302809,0.6963819940455509
42097,91761,0.6579535346560209
42099,46053,0.6430145763181664
42101,1579075,0.744553458022706
42103,55453,0.7268056902477229
42105,16806,0.6984433734288467
42107,142674,0.65964719448281
42109,40483,0.623238804536831
42111,74361,0.6584936912390511
42113,6135,0.7865656363815261
42115,40970,0.6600593327832396
42117,40944,0.6348946169488534
42119,45111,0.6458494779077311
42121,51818,0.6542948738951587
42123,39756,0.6428143265322113
42125,207212,0.6700677441660373
42127,51422,0.6827711774865977
42129,352590,0.6857354094925256
42131,27327,0.6442524272783525
42133,445565,0.6939585224020182
44001,48764,0.6814055483377368
44003,163869,0.6809176652899354
44005,82801,0.690556191983432
44007,635737,0.7036287892189036
44009,126060,0.6829315420190023
45001,24627,0.7084999854680497
45003,168301,0.7222348494057376
45005,9024,0.7558584198754854
45007,198064,0.7085934492469765
45009,14376,0.7562148266187201
45011,21346,0.7527654884416353
45013,186095,0.711090270823054
45015,215044,0.6995692751896475
45017,14663,0.74471028992379
45019,401165,0.7222190364616836
45021,56895,0.7051035140569918
45023,32311,0.6969998078016869
45025,45953,0.7258538671924569
45027,33957,0.7209121618023828
45029,37585,0.747629804113082
45031,67027,0.7250269421656061
45033,30689,0.7355882795838268
45035,158299,0.7023591428270891
45037,26927,0.7161687720402271
45039,22565,0.7722199268583257
45041,138475,0.7254414230777807
45043,61952,0.7544182828611624
45045,507003,0.6999655488607877
45047,70411,0.716804652103042
45049,19564,0.7486203761060124
45051,332172,0.6932057344566045
45053,28657,0.7316955240799633
45055,65112,0.7172642222062172
45057,92308,0.7219181609826791
45059,66846,0.7035124431099914
45061,17365,0.7574484597480189
45063,290278,0.7054349934461251
45065,9531,0.7614397158608126
45067,31308,0.7386112641584703
45069,26753,0.7277893994775637
45071,38194,0.7271003531542287
45073,77528,0.7137080963979489
45075,87687,0.7570802187984884
45077,124029,0.6846163092175754
45079,411357,0.7258608522477932
45081,20303,0.7356588874733273
45083,307617,0.7132200728470872
45085,106757,0.7340917476743293
45087,27490,0.7085953767824322
45089,31324,0.763190114395147
45091,265872,0.7093230752247307
46003,2763,0.6493111828025858
46005,18346,0.6658767298747139
46007,3425,0.7231393122979158
46009,6929,0.6196412020884654
46011,34601,0.6302785772587456
46013,38915,0.6395976782461236
46015,5258,0.6615652596701452
46017,2026,0.741849781841541
46019,10225,0.7256253058583934
46021,1485,0.6644658733167528
46023,9349,0.6843368311709714
46025,3685,0.6493216389036932
46027,13957,0.5977224324889416
46029,28026,0.6467178528091485
46031,4150,0.7418397849902421
46033,8719,0.6901605988501954
46035,19871,0.6757597349640393
46037,5486,0.66492386351705
46039,4318,0.6304715470143262
46041,5833,0.7387497203627074
46043,2929,0.6504377668614911
46045,3909,0.6424584464442498
46047,6747,0.6839762784467539
46049,2312,0.6318183627612366
46051,7149,0.6393253625190862
46053,4186,0.6508683186130931
46055,2018,0.6492601231010221
46057,6025,0.6185942226554015
46059,3256,0.6526983031332743
46061,3399,0.616835285713767
46063,1306,0.6355403198819166
46065,17608,0.6649732364988017
46067,7308,0.6494325110374953
46069,1319,0.6726089141859304
46071,3290,0.7440350975820588
46073,2018,0.6749080669348844
46075,793,0.6883850715858092
46077,4944,0.6372456248085863
46079,12717,0.7240460151702321
46081,25478,0.7253738815283536
46083,56826,0.6892827680936361
46085,3848,0.6964795230013974
46087,5548,0.632194029645384
46089,2297,0.6546966549391579
46091,4891,0.6530201462217973
46093,27717,0.6935641627473583
46095,2052,0.7409090026043608
46097,2211,0.6303949178109484
46099,188674,0.6637642750089968
46101,6507,0.6738692246813855
46102,14335,0.7279994743429898
46103,110685,0.6730924250636904
46105,2897,0.6407903224278526
46107,2315,0.663068615037699
46109,10287,0.7017384588188971
46111,2379,0.6241903410762996
46115,6483,0.6311589338449636
46117,3017,0.654750073297956
46119,1305,0.6444365695385493
46121,10195,0.7698116779050697
46123,5458,0.6565835758224188
46125,8300,0.6356700969095568
46127,15368,0.6986014908818747
46129,5457,0.6728855206813794
46135,22717,0.6379939827991222
46137,2791,0.751216711137708
47001,76061,0.6713420042242906
47003,48292,0.6579098561775291
47005,16140,0.6472276865986732
47007,14836,0.666413930363193
47009,129927,0.6697227573259802
47011,105749,0.697505954615434
47013,39797,0.6561182063844148
47015,14178,0.6923485367455817
47017,27886,0.6678062106381472
47019,56433,0.6521391380684428
47021,40181,0.6453827414254908
47023,17190,0.726962071296489
47025,31732,0.6209431813750074
47027,7654,0.6459853061875148
47029,35552,0.6379248528578935
47031,55209,0.7058390226818105
47033,14399,0.6692012499246243
47035,59216,0.6931390740481859
47037,687488,0.706023820496563
47039,11686,0.6853150881876067
47041,19847,0.6724032139874855
47043,52680,0.654878485786646
47045,37416,0.6908106997023008
47047,40164,0.7107034193160005
47049,18213,0.6519348031884808
47051,41725,0.666786796277642
47053,49228,0.6903403861346918
47055,29285,0.671064386544808
47057,23101,0.6645990261129526
47059,68834,0.6597767794890605
47061,13344,0.6205389317021751
47063,64132,0.6451632689332094
47065,360919,0.6928513848631194
47067,6587,0.6096192403702959
47069,25443,0.6847898199959259
47071,25715,0.6910758913347657
47073,56611,0.6334248079733686
47075,17623,0.7346570230810479
47077,27977,0.6675867545632767
47079,32284,0.7214989438080125
47081,24813,0.6621796911061631
47083,8164,0.6326408550618884
47085,18435,0.6399052555676199
47087,11682,0.6341913665531839
47089,53679,0.6948535038390109
47091,17753,0.6294724121698535
47093,461104,0.6644935839184687
47095,7401,0.6471854165627562
47097,25989,0.6911294602336505
47099,43390,0.6131291526323477
47101,12027,0.6319714498645074
47103,33924,0.6496140714304247
47105,52340,0.7186149322553305
47107,53053,0.7070109309721949
47109,25844,0.6687723319873328
47111,23842,0.6619587964092003
47113,97625,0.7190992459129231
47115,28538,0.6584438759517977
47117,32965,0.6393588594714668
47119,91976,0.6819463075488909
47121,12104,0.6483031269367856
47123,46064,0.7454377864974273
47125,200180,0.6878471909422934
47127,6378,0.6459250701582983
47129,21545,0.6274923410605164
47131,30365,0.6526802853326056
47133,22068,0.6669022298202156
47135,7962,0.7176121989046328
47137,5079,0.780768343244305
47139,16814,0.6806660050373688
47141,77447,0.6672920138503471
47143,32719,0.6348512665303369
47145,53075,0.7348761389342546
47147,70280,0.6578104996746083
47149,315815,0.6975262148742907
47151,21969,0.6463748382482646
47153,14816,0.709257001684114
47155,97068,0.725656536212859
47157,936374,0.7503066464535517
47159,19740,0.6313958370027564
47161,13427,0.701463659264109
47163,157050,0.645960375787701
47165,183437,0.6653722744212809
47167,61447,0.6624510875231735
47169,10231,0.6135375332593055
47171,17811,0.6486177213437991
47173,19488,0.6754989118479722
47175,5760,0.6297968648754142
47177,40702,0.651788823947649
47179,127805,0.6990352848706035
47181,16693,0.6200076651433757
47183,33510,0.6319059861781675
47185,26800,0.6246903910886107
47187,225389,0.7024134871390495
47189,136666,0.6952322837957335
48001,57810,0.6733636247343399
48003,18036,0.6860136621619963
48005,87322,0.7061658877766395
48007,24462,0.7608959565422533
48009,8716,0.652625938586873
48011,1973,0.6626503152856948
48013,49528,0.7403264633230814
48015,29764,0.7214653228577014
48017,7100,0.7438144379514725
48019,22215,0.7406586876372024
48021,84522,0.7496617733962092
48023,3577,0.7780239399559492
48025,32611,0.6866717770440421
48027,348574,0.7093999496114225
48029,1952843,0.7050725842808837
48031,11478,0.7805619955157669
48033,613,0.6658200795092126
48035,18296,0.6830915028337524
48037,93373,0.7260505853257083
48039,360677,0.7128023925355095
48041,222981,0.6949187734752905
48043,9231,0.6801342157336125
48045,1457,0.6556151245132235
48047,7141,0.6876968689844449
48049,37855,0.6764099121493374
48051,18058,0.7202335531084482
48053,46530,0.7557914587248142
48055,42144,0.7101541351886128
48057,21668,0.7210150494950239
48059,13856,0.657848059921247
48061,421666,0.7136247278935166
48063,12878,0.697879615720961
48065,6009,0.6629203493652802
48067,30059,0.7238376610581532
48069,7673,0.6964170332815784
48071,41305,0.7067315304226569
48073,52118,0.6958947120502169
48075,7253,0.6696407906603218
48077,10403,0.6686936216337991
48079,2887,0.6865152301070381
48081,3303,0.6695796779227791
48083,8334,0.6800841414519639
48085,973977,0.7331937611492896
48087,2969,0.7002610492802805
48089,21224,0.6971391353971628
48091,141642,0.7265863790078649
48093,13529,0.7152634299478319
48095,3266,0.6445791059322784
48097,40041,0.6792285913871301
48099,75280,0.6554510672650113
48101,1642,0.701553857437904
48103,4802,0.7267951116562841
48105,3484,0.6946212283170621
48107,5836,0.6576445448098316
48109,2214,0.7038459894160064
48111,7304,0.6571223662080427
48113,2606868,0.7270498622945548
48115,12813,0.6881271177459578
48117,18736,0.6846835335844543
48119,5249,0.6682058430735803
48121,833822,0.7217007683395752
48123,20340,0.7067206437483563
48125,2203,0.6708213811566517
48127,10438,0.7462205416265031
48129,3342,0.6339374755019523
48131,11268,0.6637045310577631
48133,18273,0.7158295304634719
48135,160579,0.7039803984073834
48137,1918,0.6405945225377132
48139,173772,0.7168517644847012
48141,836062,0.724110510488969
48143,41841,0.7107615811013033
48145,17272,0.7031523502131998
48147,34537,0.6559308195032572
48149,25141,0.7266642028376996
48151,3856,0.6806811276239358
48153,5803,0.6729382896642114
48155,1275,0.6879565401951171
48157,765394,0.743994739256164
48159,10716,0.7222193166930255
48161,19714,0.7104040587630583
48163,19871,0.7228895334487128
48165,20706,0.7079464926740575
48167,332885,0.7269473399898668
48169,6070,0.7302993116956553
48171,26459,0.7360312374870235
48173,1510,0.6609440133664756
48175,7565,0.697177358594895
48177,20731,0.6802125082840499
48179,22410,0.6440432823074267
48181,131014,0.6874273832526938
48183,123443,0.7103979226271949
48185,27984,0.7086843569736232
48187,158966,0.7170643816629442
48189,33826,0.6618007248032499
48191,3048,0.6915080540695303
48193,8332,0.672843684579598
48195,5520,0.6510508123219687
48197,3945,0.6567155508597674
48199,56765,0.7008329476679107
48201,4646630,0.7318687641906598
48203,66580,0.7011067784636663
48205,5669,0.6494521434202966
48207,5726,0.6639845108090021
48209,213366,0.7189553179868442
48211,3994,0.6611690657463709
48213,81070,0.7332014033184535
48215,855176,0.7271756991406786
48217,35689,0.6885428519135242
48219,23064,0.676607712277772
48221,58318,0.7350756187086321
48223,36486,0.6673530087332593
48225,22954,0.7051795223970413
48227,36349,0.6704084859966154
48229,4415,0.6711440250158549
48231,94162,0.687222771072426
48233,21344,0.6931123401286023
48235,1620,0.684730353957735
48237,8852,0.6286603743835778
48239,14816,0.6787741261531834
48241,35506,0.7094292399544243
48243,2241,0.7415951620499639
48245,254340,0.7328426563493078
48247,5231,0.6653195942153284
48249,40972,0.7070131214514477
48251,167212,0.7048399256989234
48253,19943,0.6544157851121901
48255,15545,0.6926032470523613
48257,123804,0.7245791285827369
48259,43769,0.7269283026431866
48261,568,0.7866585138085491
48263,647,0.6705135071690567
48265,51843,0.7326769148359172
48267,4373,0.6826888018785017
48269,237,0.6801516583766263
48271,3659,0.7083559226005333
48273,30974,0.7317578891092478
48275,3705,0.6575448225157946
48277,49611,0.6770107307798073
48279,13123,0.6629684441085844
48281,20862,0.6917264066166794
48283,7416,0.7385854326250447
48285,20021,0.6899956124486132
48287,17058,0.6731644205110626
48289,17225,0.7708410283542453
48291,83702,0.6985421377669264
48293,23417,0.692051409972155
48295,3398,0.6726980230652437
48297,12139,0.6658422466411871
48299,21047,0.741775392727234
48301,98,0.6428632172362133
48303,304808,0.7128428308120733
48305,5830,0.688496263240733
48307,8057,0.6619474737337702
48309,251089,0.6964393967145297
48311,774,0.6609267683396358
48313,14197,0.6768756300646523
48315,10017,0.7026111621694374
48317,5649,0.6511209718936997
48319,4186,0.6690440031366989
48321,36774,0.7207022091990042
48323,58174,0.7220990459817782
48325,50057,0.7182755759079014
48327,2119,0.6947567925770837
48329,168167,0.7098130255610954
48331,24770,0.6732985630468594
48333,4889,0.6927876472739816
48335,8523,0.6691492560838213
48337,19489,0.7134071793641652
48339,571949,0.739271825211994
48341,21399,0.7044741415614484
48343,12373,0.696723652071726
48345,1252,0.6561976260288316
48347,65339,0.6930690683431056
48349,48995,0.7262922434488944
48351,13914,0.7059954665740121
48353,14904,0.66555364869429
48355,361540,0.7089832095723074
48357,10131,0.6517476133369444
48359,2094,0.6456906954143384
48361,84069,0.6918817015514283
48363,28540,0.6845413289238358
48365,23327,0.6985475793203421
48367,133811,0.7177096263328072
48369,9718,0.6611741345905866
48371,15815,0.6764843674726814
48373,48913,0.7041315657786611
48375,119674,0.6756213734124294
48377,6975,0.7485951565328304
48379,11766,0.7135540233444522
48381,134026,0.682943709470752
48383,3766,0.7122865678095678
48385,3408,0.6437175260773158
48387,12171,0.6993900251033045
48389,15492,0.7214269036116847
48391,7145,0.6965320037910205
48393,805,0.643032600811378
48395,16990,0.7095201240707221
48397,97175,0.7326995882050196
48399,10277,0.6887753911013627
48401,53755,0.6847082550925931
48403,10471,0.688866341268849
48405,8286,0.6932850582309942
48407,28180,0.7721357370162617
48409,67008,0.6811349564863897
48411,5991,0.6564080027989099
48413,2983,0.7122200782085086
48415,17096,0.661636709570384
48417,3296,0.6367324703041758
48419,25349,0.6877195620572989
48421,3059,0.669811617133901
48423,227449,0.7150790203275375
48425,8860,0.744508459671714
48427,64078,0.7050764162376529
48429,9364,0.6480140427817942
48431,1231,0.6456524037659976
48433,1476,0.6476070879015887
48435,3824,0.7315632989310099
48437,7432,0.6520449195838046
48439,2049770,0.7196388405495743
48441,136870,0.6739497345569999
48443,896,0.6901318797631274
48445,12528,0.6955572741584373
48447,1436,0.6630212781708178
48449,32640,0.7014197350924604
48451,117986,0.6771488848107466
48453,1226805,0.7213146036753426
48455,14620,0.6875869561611243
48457,21518,0.6870190034423369
48459,41018,0.7222872696073085
48461,3659,0.7393787631338992
48463,26920,0.6981261579468212
48465,48969,0.7051471903656588
48467,55103,0.7081243086200988
48469,92109,0.7022061144603717
48471,72321,0.6777211274801535
48473,51832,0.734589983563016
48475,11658,0.6927029504839548
48477,35163,0.7370979058375797
48479,273526,0.7152962723573895
48481,41577,0.7042606322289393
48483,5338,0.641935380123551
48485,131596,0.6843950129162834
48487,12833,0.6815536171019999
48489,21588,0.6618206061128742
48491,547604,0.7221774088464328
48493,49173,0.6943911404557119
48495,7867,0.7040957051614485
48497,66290,0.7114457595868654
48499,44366,0.6966191504780457
48501,8631,0.703198061064296
48503,18036,0.7004768795485304
48505,14304,0.7386260172117468
48507,12039,0.7044054168092913
49001,6517,0.6195973571372809
49003,53946,0.6368751999148461
49005,124165,0.6164482562096438
49007,20308,0.6281308284305064
49009,613,0.6141504286587166
49011,345767,0.6603190466705595
49013,20148,0.6631222195312529
49015,10117,0.6222525934756901
49017,4998,0.6256768654274135
49019,9640,0.6953048499383113
49021,51213,0.6912142791353876
49023,11301,0.5982423290976349
49025,7484,0.6420899764275763
49027,12854,0.6236339825818317
49029,11664,0.7261354335791362
49031,1866,0.6228526895677373
49033,2389,0.6414258730388058
49035,1133646,0.6784025366293991
49037,15302,0.7096927367354071
49039,29850,0.6816864864903505
49041,21280,0.612437296637155
49043,41103,0.6650031025562959
49045,67397,0.6971804068631167
49047,36084,0.6681608490832545
49049,605490,0.6432156506801744
49051,31708,0.7251624526928779
49053,165811,0.7185213655777222
49055,2689,0.6288831688415724
49057,251498,0.662654009926864
50001,36882,0.6437186131560602
50003,35746,0.6928138247407727
50005,30234,0.6368050665612744
50007,162646,0.6871695130788458
50009,6200,0.6483905238631419
50011,49116,0.6568098224474352
50013,7022,0.671218908544674
50015,25318,0.6268811831031633
50017,28908,0.6484767566808884
50019,26901,0.6397276785158152
50021,58892,0.6479982859247879
50023,58350,0.6659570914883255
50025,42823,0.6523083630439157
50027,55275,0.6848217166922672
51001,32673,0.737292936784078
51003,107405,0.721418574859362
51005,15157,0.6489336599557901
51007,12953,0.7324108287011569
51009,31775,0.7180313958655277
51011,15707,0.7178134101839478
51013,233464,0.7270936207084071
51015,75079,0.6968047831270482
51017,4307,0.7756295991735529
51019,78376,0.6970572158321646
51021,6388,0.6393711557401358
51023,33343,0.6888076739580741
51025,16520,0.7300555375724472
51027,21788,0.631513445238977
51029,17059,0.6840369695478258
51031,55225,0.6915246034315691
51033,30381,0.7275147310451553
51035,29801,0.7018654460922402
51036,7014,0.7609075244702103
51037,12040,0.7288732106552479
51041,343551,0.71896077020588
51043,14423,0.7387467472790564
51045,5110,0.6549623803935398
51047,51101,0.7149635822673137
51049,9824,0.7355352770825991
51051,14756,0.6293161500984442
51053,28485,0.7363143229002392
51057,10998,0.7325128090992628
51059,1145862,0.7464161424112736
51061,69728,0.7096894317522954
51063,15704,0.7383811960946953
51065,26594,0.7132607265177395
51067,56187,0.7429077998199283
51069,86415,0.7090230565031057
51071,16772,0.6386925527217366
51073,37222,0.7018963595976524
51075,22865,0.729914268162225
51077,15742,0.6521924848329428
51079,19519,0.7113872917946582
51081,11525,0.7044711534896828
51083,34552,0.7195554125325865
51085,105537,0.6928629849425658
51087,327535,0.738925893524028
51089,51308,0.6910138816485969
51091,2204,0.6931599982808545
51093,36627,0.722371808431628
51095,74916,0.7475075782752308
51097,7042,0.7155515849456434
51099,26229,0.7132808905385111
51101,16688,0.6787185171308292
51103,10724,0.7632328802218942
51105,23948,0.652230451146512
51107,395134,0.7220279638459441
51109,36040,0.7287901590234381
51111,12282,0.7021504008169349
51113,13170,0.7732231037238445
51115,8788,0.7884562776017995
51117,30728,0.7413914520835063
51119,10675,0.7055843349593053
51121,98140,0.6833367003828623
51125,14831,0.7599283230534506
51127,21686,0.7253851246231756
51131,11885,0.7583566842675159
51133,12190,0.7668783736029818
51135,15433,0.705482757375234
51137,36010,0.7414573656621958
51139,23788,0.6723201273623854
51141,17748,0.7301615990089486
51143,61256,0.7095700330365508
51145,28815,0.7107703217494759
51147,22905,0.740844630629224
51149,38114,0.6898942650286131
51153,461423,0.7337663449801896
51155,34182,0.6851578017318988
51157,7378,0.6941678121305108
51159,8884,0.7001777479157624
51161,93823,0.6996367990625337
51163,22570,0.7376634807325877
51165,80284,0.6707529395082473
51167,27141,0.6877878564200944
51169,21902,0.6386759616670697
51171,43224,0.6970930277928852
51173,30767,0.6276887993488957
51175,17880,0.7309359485817063
51177,132833,0.7064305624241338
51179,146773,0.7217310098629899
51181,6523,0.7448990507997205
51183,11377,0.729930890160904
51185,41603,0.6723898412476388
51187,39492,0.6882627598596934
51191,54071,0.6765727525074355
51193,17751,0.7524400259567283
51195,38486,0.6157763556164797
51197,28844,0.6931200331219575
51199,67982,0.7094342307603811
51510,157613,0.7389645961799829
51520,16912,0.677915902119687
51530,6484,0.7670434759282972
51540,47096,0.6699911399098883
51550,239982,0.7295864183214305
51570,17428,0.695205469438762
51580,5598,0.6654967702060235
51590,41070,0.7410070800129603
51595,5442,0.7877181077713963
51600,23531,0.7356333797310499
51610,14128,0.71680435230181
51620,8147,0.7575299455063969
51630,28622,0.7156771690924216
51640,6517,0.6578035678892273
51650,135041,0.7460066541784082
51660,53273,0.6317812863752422
51670,22456,0.7184546315724823
51678,7241,0.7256269883927648
51680,80569,0.6963234007696177
51683,41174,0.7205804506480872
51685,16986,0.7227947312445068
51690,12852,0.7392464783530298
51700,179673,0.7249459727289291
51710,244601,0.7053837114766615
51720,3970,0.6282905324928244
51730,31362,0.7930371594965294
51735,12090,0.6738330305908368
51740,95097,0.742035378977486
51750,17691,0.6558088062276028
51760,226622,0.7339314278732125
51770,99229,0.696446307003733
51775,25317,0.6582389715632098
51790,24432,0.6951534908177549
51800,90093,0.7382225680762234
51810,450201,0.7078901943154773
51820,22140,0.6627625342548067
51830,14927,0.6551157362660824
51840,27897,0.6923127217079817
53001,19594,0.7043885013524968
53003,22421,0.6564986206618124
53005,197518,0.703930234114667
53007,76229,0.7384296000135214
53009,75392,0.7132715193924309
53011,473252,0.6840347831479338
53013,3992,0.700826628344086
53015,106778,0.6987674262596458
53017,42023,0.701151375605592
53019,7578,0.6930020779551112
53021,92009,0.7121630817047515
53023,2230,0.6705628457118182
53025,95502,0.7155282893889754
53027,72779,0.7084663150929967
53029,82866,0.694690582991278
53031,31285,0.7657915083898547
53033,2195502,0.7317277326322872
53035,265882,0.6924768381506199
53037,45897,0.6938882311573431
53039,21721,0.754352814529422
53041,78145,0.6729840603920293
53043,10574,0.6665556013264513
53045,63804,0.7259478092660616
53047,41842,0.7214027433456363
53049,21688,0.7399424165734678
53051,13377,0.6849365085115128
53053,877013,0.705157376566735
53055,16788,0.780146007657306
53057,125612,0.7193139346760153
53059,11753,0.674480433021003
53061,798808,0.7124210142680415
53063,505505,0.6803172816004066
53065,44655,0.7184648990375323
53067,279711,0.7067211883760871
53069,4268,0.6835583429969001
53071,60365,0.6928592091305066
53073,220821,0.7152431825039982
53075,49231,0.6572796046075372
53077,249697,0.7146630995444205
54001,16633,0.6361872678363865
54003,115329,0.7307364705711055
54005,22368,0.6269356640892184
54007,14190,0.6378488276882888
54009,22459,0.7037595737510927
54011,94339,0.6720505493721304
54013,7295,0.6381244798109611
54015,8709,0.6361111746691044
54017,8560,0.6199808067584552
54019,43576,0.6550789190603384
54021,8041,0.6951420319812
54023,11616,0.6317960772315586
54025,35155,0.7154718860241963
54027,23309,0.7523700665703296
54029,29383,0.6611521999728145
54031,13805,0.7274525089837325
54033,67908,0.6826316837864116
54035,28907,0.6788809915681145
54037,56506,0.6687790225097715
54039,183279,0.6741132588223132
54041,16166,0.6538227915164068
54043,20850,0.659705829820666
54045,33154,0.6522474192965829
54047,18661,0.6492590003561943
54049,56355,0.6712974828179358
54051,31308,0.6699529346278891
54053,26820,0.669525375911668
54055,59919,0.6448507981421455
54057,27167,0.6414624349695338
54059,24290,0.6218040940208381
54061,105474,0.6470818287093448
54063,13401,0.637227722311025
54065,17709,0.72754496251383
54067,25078,0.6725552887923848
54069,42143,0.6466126994895094
54071,7001,0.6492331906475171
54073,7482,0.6253401083089658
54075,8450,0.7016617258145355
54077,33683,0.672312570066186
54079,56610,0.6729089491164079
54081,75252,0.6435815765961392
54083,28930,0.6319395735261575
54085,9844,0.6319774796358811
54087,14020,0.6714930512926891
54089,12848,0.6565261800359359
54091,16864,0.6404745972667484
54093,6982,0.6448533862072464
54095,8811,0.6322555209561752
54097,24502,0.628504176162311
54099,40303,0.6319326097311845
54101,8386,0.7031014586997154
54103,15436,0.6438985960785034
54105,5798,0.6199260347848156
54107,84960,0.6572500110594821
54109,21281,0.6408108308872932
55001,20094,0.6872222715034872
55003,15617,0.6507535046769843
55005,45229,0.6745758462510698
55007,14993,0.7078697173638029
55009,261368,0.6645615472865211
55011,13126,0.6414861695269606
55013,15289,0.6664195072835142
55015,49928,0.6487224102463978
55017,63892,0.6523850451041486
55019,34579,0.6180927235781571
55021,57133,0.6587267750364867
55023,16235,0.6385350630706317
55025,536078,0.683651773316095
55027,87715,0.6432528858266332
55029,27472,0.6709559879091496
55031,43295,0.671796823327788
55033,44759,0.6372385203774866
55035,103514,0.6423209071622871
55037,4314,0.7349936697575469
55039,102597,0.6744018808640616
55041,8995,0.6628022510305094
55043,51733,0.6115247873005984
55045,36896,0.6452933156349706
55047,18755,0.6449546192679193
55049,23618,0.6438367461128354
55051,5687,0.6641027003072434
55053,20522,0.6284130145810889
55055,84701,0.6534400893648005
55057,26478,0.6598400179484802
55059,168524,0.6942023470697825
55061,20387,0.6941349894271195
55063,117894,0.6570822584311935
55065,16715,0.6337502138301994
55067,19146,0.662134746902639
55069,27744,0.6467291364797761
55071,79185,0.6543427727766298
55073,135396,0.6787483405138783
55075,40391,0.651066043203474
55077,15304,0.649608204907777
55078,4558,0.7648680505519472
55079,951226,0.7109226010875263
55081,45771,0.6320198504121134
55083,37646,0.6754816541971659
55085,35381,0.6921408677051009
55087,185700,0.6750387377832774
55089,88597,0.6940134974523652
55091,7265,0.641714951859903
55093,41977,0.6305761233993734
55095,43438,0.6917525806457892
55097,70632,0.6456933470061684
55099,13416,0.6527937842089383
55101,195602,0.6896312371698832
55103,17459,0.6382272105822168
55105,162152,0.6731729066770709
55107,14132,0.644377604957223
55109,88732,0.6916019837078913
55111,63922,0.7033383128386881
55113,16399,0.7066367124484834
55115,40904,0.6548210658485372
55117,115178,0.6738965213312017
55119,20325,0.6279863063875369
55121,29499,0.6411200249267619
55123,30633,0.6329893184380133
55125,21751,0.7628052583721103
55127,103074,0.6880690518476589
55129,15688,0.6989963205769537
55131,134925,0.6688258200941432
55133,400475,0.6948882497014433
55135,51245,0.645651379285623
55137,24193,0.67066673874333
55139,170411,0.6619720946736392
55141,73112,0.6421051075165769
56001,38390,0.6285414281523257
56003,11882,0.6382154445153615
56005,47409,0.6847225190262136
56007,15247,0.650324368436952
56009,13921,0.6334904410004685
56011,7472,0.646501234180451
56013,39812,0.6972430074213148
56015,13342,0.6452421965273696
56017,4607,0.6536364004679031
56019,8487,0.7284891972378345
56021,98320,0.6972719504144764
56023,19274,0.6742611658419857
56025,80333,0.6527606624331657
56027,2422,0.6731704878725266
56029,29148,0.7092808431622172
56031,8582,0.7566704668404387
56033,30140,0.6717577484002163
56035,9880,0.7128818829929571
56037,43521,0.6605529648056907
56039,23280,0.7312893923218942
56041,20479,0.7485912948295672
56043,8027,0.6605612955998039
56045,7049,0.6647057105806452
72001,17891,0.6221648155506234
72003,37954,0.7288742375648845
72005,52803,0.6711339086113152
72007,25748,0.7231297505727687
72009,22988,0.7716638573777184
72011,26934,0.7546081006244374
72013,85390,0.7586945599155638
72015,17805,0.7027814252750489
72017,24079,0.7465969426040525
72019,28393,0.7074620230251026
72021,178192,0.7605067519813643
72023,48487,0.7277470448342207
72025,128937,0.7171628926346251
72027,31598,0.6444074294584122
72029,45588,0.7621615204917126
72031,153779,0.7609111256474501
72033,24271,0.7574290440646166
72035,43785,0.7433222121019117
72037,11515,0.77560530784256
72039,16513,0.7368057965187409
72041,39607,0.7342531846793275
72043,38906,0.7610283911194631
72045,19224,0.7349312394560292
72047,33500,0.7348372519042898
72049,1311,0.7598221059686239
72051,36803,0.7423988895491977
72053,31111,0.7692032499665576
72054,11697,0.7457765632893503
72055,16293,0.6860571090236244
72057,40889,0.6938983048858165
72059,18514,0.6368326999041816
72061,86937,0.7678529801747945
72063,46910,0.7388534455846236
72065,39950,0.6569774028698243
72067,15943,0.7588865100600781
72069,52507,0.7772663307805437
72071,41707,0.7219274798614688
72073,14539,0.7212839067523877
72075,46152,0.7738167837476362
72077,38780,0.7252376118586358
72079,22835,0.70392415807875
72081,25696,0.6400924716347455
72083,8370,0.6695618313406461
72085,37499,0.7801577439216296
72087,25778,0.766413917068659
72089,18224,0.7684604380135629
72091,38836,0.7604081686661623
72093,6075,0.6598914765774823
72095,10776,0.772033311512164
72097,75232,0.7814378816403256
72099,36161,0.6596829149390869
72101,30962,0.7414244990484515
72103,26075,0.754759878256836
72105,28112,0.7286847049366508
72107,20982,0.7203600506205649
72109,16929,0.7918978450470893
72111,20383,0.6259591325472194
72113,139671,0.7224147716295974
72115,23629,0.6729400371657723
72117,14056,0.7734725832795297
72119,49613,0.7586775569677378
72121,22560,0.6893393842793116
72123,28109,0.760384786699932
72125,31442,0.6751672282716394
72127,335468,0.7593212633043798
72129,37209,0.802540735710436
72131,37120,0.6588991895271812
72133,21757,0.762890373383404
72135,72864,0.7211330043812186
72137,77810,0.7544016720208654
72139,66338,0.7341698710098254
72141,28676,0.6936754170815848
72143,37106,0.7591708351102054
72145,52192,0.7588018103410576
72147,8642,0.7793370819058195
72149,22403,0.7307866389339326
72151,33499,0.7929204923560313
72153,35428,0.661084434899519
